id,sku,name,brand_name,category_name,price,sale_price,in_stock,inventory,brand_id,category_id,description,photos_count,gender,parent_category_id,parent_category_name
46c06caa-13fb-4d92-b26e-df8ea2df3234,68D56AA5A3,Кеды,Tommy Hilfiger,Кеды,1999.00,,True,"{""EU41"": {""stock"": 1}, ""EU42"": {""stock"": 1}, ""EU43"": {""stock"": 1}}",c9af705b-393c-4653-98a0-02d3729ce0de,10075a2b-2f29-4a05-8dc9-bba2315ada5a,"Step into style with these bold sneakers from Tommy Hilfiger, crafted for those who dare to stand out. Featuring sleek lace-up fronts and striking contrasting brown details, these shoes are all about making a statement. With a removable footbed, printed logo, and chic design, these are perfect for the fashion-forward individual. Flaunt your trendsetter status with every step. Color: White. Material: 30% Polyester, 30% Leather, 40% Polyurethane. Country of origin: China",5,men,ef2742b3-35e9-4216-950a-c8d6d16c33b5,Одежда и обувь
0c601d4d-3df0-48da-a3f6-dd2ec4f94e16,FDF1EFA9C3,Кеды,Tommy Hilfiger,Кеды,1999.00,,True,"{""EU40"": {""stock"": 3}, ""EU41"": {""stock"": 3}, ""EU42"": {""stock"": 4}, ""EU43"": {""stock"": 3}, ""EU44"": {""stock"": 2}, ""EU45"": {""stock"": 1}}",c9af705b-393c-4653-98a0-02d3729ce0de,10075a2b-2f29-4a05-8dc9-bba2315ada5a,"Step into the world of effortlessly cool style with these fresh 'TOMMY HILFIGER' sneakers. Perfect for the modern maverick, these shoes boast a removable footbed for unmatched comfort and embroidered details that shout urban chic. The iconic logo takes center stage, ensuring your look is always top-tier and rooted in quality. Get ready to elevate your sneaker game with an unmistakable touch of class! Material: 30% Polyester, 30% Leather, 40% Polyurethane. Country of Origin: China. Color: White",6,men,ef2742b3-35e9-4216-950a-c8d6d16c33b5,Одежда и обувь
f8838c1b-6365-4624-800e-c8a05b0dd684,91144231D7,Поло,Boss,Поло,1799.00,,True,"{""M"": {""stock"": 1}, ""XL"": {""stock"": 1}, ""XS"": {""stock"": 1}, ""2XL"": {""stock"": 1}}",764a471c-65a4-4880-b79e-7c603113e0f8,f9b6ddb5-5467-407b-b014-cd8c893c254b,"Цвет: Белый
Материал: 92% Хлопок 8% Эластан
Производство: Бангладеш",3,men,ef2742b3-35e9-4216-950a-c8d6d16c33b5,Одежда и обувь
deb4c7e8-9f19-4b83-8073-ba660375be3f,E7DE220F5C,Футболка,Boss,Футболки,1249.00,,True,"{""M"": {""stock"": 1}, ""S"": {""stock"": 1}, ""XL"": {""stock"": 1}, ""XS"": {""stock"": 1}}",764a471c-65a4-4880-b79e-7c603113e0f8,d7bc2edb-4b47-4eaf-aa08-22b1b5465710,"Цвет: Белый
Материал: 93% Полиэстер 7% Эластан
Производитель: Вьетнам",4,men,ef2742b3-35e9-4216-950a-c8d6d16c33b5,Одежда и обувь
81a17b80-fa3d-4cf9-b05f-a5e67f6138d4,5A8324AA1E,Кеды,Tommy Hilfiger,Кеды,1449.00,1449.00,True,"{""EU40/US7"": {""stock"": 6}, ""EU41/US8"": {""stock"": 5}, ""EU42/US9"": {""stock"": 5}, ""EU43/US10"": {""stock"": 6}, ""EU44/US11"": {""stock"": 5}, ""EU45/US12"": {""stock"": 1}}",c9af705b-393c-4653-98a0-02d3729ce0de,10075a2b-2f29-4a05-8dc9-bba2315ada5a,"Войдите в мир эталонной спортивной изысканности с этими мужскими кроссовками Tommy Hilfiger. Идеальное сочетание стиля и комфорта: каждая пара выполнена в элегантном голубом оттенке с выразительными белыми акцентами. Эти шнурованные спортивные кеды обладают съемной стелькой для настраиваемого комфорта и украшены культовым логотипом Tommy Hilfiger, позволяя заявлять о себе с каждым шагом. Благодаря тщательно подобранному сочетанию материалов, обеспечивающему долговечность и воздухопроницаемость, эти кеды являются неотъемлемым атрибутом для современного мужчины, следящего за трендами.",5,men,ef2742b3-35e9-4216-950a-c8d6d16c33b5,Одежда и обувь
634018fd-aecc-4584-9357-4110ad674d3a,D9FB412D11,Поло,Boss,Поло,1699.00,,True,"{""L"": {""stock"": 3}, ""M"": {""stock"": 1}, ""S"": {""stock"": 2}, ""XL"": {""stock"": 1}, ""XXL"": {""stock"": 3}}",764a471c-65a4-4880-b79e-7c603113e0f8,f9b6ddb5-5467-407b-b014-cd8c893c254b,"Дополните свой гардероб изысканным поло BOSS в неподвластном времени дизайне, созданном специально для современного мужчины. Это поло с коротким рукавом, украшенное тонким, но эффектным принтом и культовым логотипом BOSS, является смелым воплощением элегантности и стиля. Классическая посадка на двух пуговицах обеспечивает комфорт и универсальность для любого случая.",5,men,ef2742b3-35e9-4216-950a-c8d6d16c33b5,Одежда и обувь
b707df04-ff97-4ca1-aead-b09aa2eb4742,6D2CCC1096,Спортивные штаны,Boss,Спортивные штаны,2199.00,1999.00,True,"{""L"": {""stock"": 1}, ""XL"": {""stock"": 1}, ""2XL"": {""stock"": 1}}",764a471c-65a4-4880-b79e-7c603113e0f8,4991f495-5164-48b5-8806-bf9359e6a0e4,"Цвет: Синий
Материал: 99% Полиэстер 1% Эластан
Производство: Турция",5,men,ef2742b3-35e9-4216-950a-c8d6d16c33b5,Одежда и обувь
aa60bcb0-5d0e-4c0b-9cbc-c0f1a8788137,4991216FAF,Ветровка,Boss,Куртки и ветровки,2499.00,1999.00,True,"{""L"": {""stock"": 1}, ""XL"": {""stock"": 1}, ""2XL"": {""stock"": 1}}",764a471c-65a4-4880-b79e-7c603113e0f8,68fba46a-2b8f-4170-b327-1981b69a36ec,"Цвет: Темно-синий
Материал: 99% Полиэстер 1% Эластан
Производство: Турция",5,men,ef2742b3-35e9-4216-950a-c8d6d16c33b5,Одежда и обувь
bca1ba95-80ca-4a2c-83d1-d5f0d45e1b79,CDF9537350,Бейсболка,Boss,Бейсболки,1049.00,,True,"{""single_option"": {""stock"": 4}}",764a471c-65a4-4880-b79e-7c603113e0f8,a78132b3-cdc8-40b2-baf0-40ffc0ff5b1a,"Стильная мужская кепка BOSS с классическим дизайном и белым контрастным логотипом. Изготовлена из 100% высококачественной хлопковой саржи с нанесенной окантовкой и удобной застежкой на металлическую пряжку. Идеально подходит для повседневных образов.

Цвет: тёмно-синий
Материал: 100% хлопок
Производитель: Бангладеш",3,men,ef2742b3-35e9-4216-950a-c8d6d16c33b5,Одежда и обувь
0aecad6c-016e-431d-b794-199fab3d8c31,927D45C7AE,Ветровка,Boss,Куртки и ветровки,2499.00,1999.00,True,"{""L"": {""stock"": 1}, ""M"": {""stock"": 1}, ""S"": {""stock"": 1}, ""XL"": {""stock"": 1}}",764a471c-65a4-4880-b79e-7c603113e0f8,68fba46a-2b8f-4170-b327-1981b69a36ec,"Цвет: Черный
Материал: 99% Полиэстер 1% Эластан
Производство: Турция",5,men,ef2742b3-35e9-4216-950a-c8d6d16c33b5,Одежда и обувь
1f3876b5-01fc-4673-9521-df2e7a75693b,AB1FFC6543,Спортивные штаны,Boss,Спортивные штаны,2199.00,1999.00,True,"{""L"": {""stock"": 1}, ""M"": {""stock"": 1}, ""S"": {""stock"": 1}, ""XL"": {""stock"": 1}}",764a471c-65a4-4880-b79e-7c603113e0f8,4991f495-5164-48b5-8806-bf9359e6a0e4,"Цвет: Черный
Материал: 99% Полиэстер 1% Эластан
Производство: Турция",5,men,ef2742b3-35e9-4216-950a-c8d6d16c33b5,Одежда и обувь
dc7a6c2e-ee4d-4744-8b02-8240d8ab5467,C3825CE880,Бейсболка,Boss,Бейсболки,1049.00,,True,"{""single_option"": {""stock"": 6}}",764a471c-65a4-4880-b79e-7c603113e0f8,a78132b3-cdc8-40b2-baf0-40ffc0ff5b1a,"Окунитесь в мир высококлассного стиля с кепкой BOSS с регулируемым козырьком, в которой функциональность сочетается с культовым стилем бренда. Этот элегантный аксессуар не просто защищает от солнца, но и подчеркивает изысканность благодаря яркой вышивке и классическому логотипу, который ни с чем не спутаешь. Созданный с предельным вниманием к деталям, он представляет собой идеальное сочетание комфорта и роскоши.

Цвет: черный
Состав: 100% хлопок
Производство: Индия",3,men,ef2742b3-35e9-4216-950a-c8d6d16c33b5,Одежда и обувь
f43f1c14-c7c7-4829-bdc5-631d5d4f1d98,43627A62D1,Кроссовки,Boss,Кроссовки,2499.00,,True,"{""EU39"": {""stock"": 2}, ""EU41"": {""stock"": 1}}",764a471c-65a4-4880-b79e-7c603113e0f8,5ec34b73-af50-4039-a72f-343d72c5fdc5,"Цвет: Черный
Состав: 100% Натуральная кожа
Производитель: Вьетнам",4,men,ef2742b3-35e9-4216-950a-c8d6d16c33b5,Одежда и обувь
be0d75e2-b65f-48fe-b5ee-713b03399110,0D3DE27C92,Кроссовки,Boss,Кроссовки,2499.00,,True,"{""EU41"": {""stock"": 1}}",764a471c-65a4-4880-b79e-7c603113e0f8,5ec34b73-af50-4039-a72f-343d72c5fdc5,Country of Origin: Vietnam,4,men,ef2742b3-35e9-4216-950a-c8d6d16c33b5,Одежда и обувь
24891532-d2ea-4799-bf52-679689e0bc4e,0FF8206733,Ветровка,EA7,Куртки и ветровки,2799.00,1999.00,True,"{""M"": {""stock"": 1}}",da633b22-f6c5-4c03-b502-2714fa6babf7,68fba46a-2b8f-4170-b327-1981b69a36ec,"Откройте для себя куртку EA7, изготовленную из 100% технологичного полиамида, которая идеально подходит для спортивного и современного образа. Эта куртка создана для обеспечения комфорта и легкости, что делает ее идеальной для весенних и осенних дней. Застежка-молния спереди и высокий воротник обеспечивают надежную посадку, а вышитый логотип EA7 на груди придает модели особый стиль. Носите ее ежедневно или на досуге, легко сочетая с джинсами или повседневными брюками.",5,men,ef2742b3-35e9-4216-950a-c8d6d16c33b5,Одежда и обувь
2b5b434c-cb9e-475b-8811-650d60590ed0,E89390C280,Футболка,Hugo Boss,Футболки,899.00,899.00,True,"{""M"": {""stock"": 1}, ""XL"": {""stock"": 1}}",09c59263-dba4-48f1-8e29-97876ef903b5,d7bc2edb-4b47-4eaf-aa08-22b1b5465710,Эта белая футболка из органического хлопка — идеальная основа любого образа. Расслабленный крой и классический круглый вырез гарантируют исключительный комфорт в течение всего дня. Нанесенный логотип добавляет модели современный и стильный акцент. Универсальность и экологичность делают эту футболку must-have для вашего гардероба.,5,men,ef2742b3-35e9-4216-950a-c8d6d16c33b5,Одежда и обувь
822a33a3-fc62-42b8-9742-1c127bb307d8,91EB172A40,Поло,Hugo Boss,Поло,1299.00,1299.00,True,"{""M"": {""stock"": 2}, ""XL"": {""stock"": 1}}",09c59263-dba4-48f1-8e29-97876ef903b5,f9b6ddb5-5467-407b-b014-cd8c893c254b,"Подчеркните свой безупречный стиль с классическим черным поло от Hugo Boss. Модель из premium хлопка обеспечивает максимальный комфорт и идеальную посадку по фигуре. Элегантный силуэт slim fit и узнаваемый вышитый логотип бренда говорят о вашем безупречном вкусе. Эта универсальная модель станет ключевым элементом как повседневного, так и более строгого гардероба.",5,men,ef2742b3-35e9-4216-950a-c8d6d16c33b5,Одежда и обувь
ce1b15b4-09a5-4f2e-ae92-6ccb24f504ca,F4AAE2B9BC,Поло,Hugo Boss,Поло,1299.00,1299.00,True,"{""M"": {""stock"": 1}, ""S"": {""stock"": 1}}",09c59263-dba4-48f1-8e29-97876ef903b5,f9b6ddb5-5467-407b-b014-cd8c893c254b,Обретите безупречный стиль с поло Hugo Boss. Модель из высококачественного хлопка гарантирует исключительный комфорт и свободу движений. Элегантный силуэт slim fit и вышитый логотип подчеркивают статус и безупречный вкус. Это идеальная основа для любого современного образа — от повседневного до делового-кэжуал.,5,men,ef2742b3-35e9-4216-950a-c8d6d16c33b5,Одежда и обувь
615de216-fef0-449b-84bf-19ca8e5b0c09,D9D671460B,Футболки 3 шт.,Tommy Hilfiger,Футболки,899.00,899.00,True,"{""S"": {""stock"": 2}}",c9af705b-393c-4653-98a0-02d3729ce0de,d7bc2edb-4b47-4eaf-aa08-22b1b5465710,"Базовые футболки Tommy Hilfiger с коротким рукавом и круглым вырезом, представленные в удобном наборе из трех штук. Модель выполнена из мягкого регенерированного хлопка и украшена узнаваемым вышитым логотипом бренда. Классический прямой крой обеспечивает универсальность и комфорт в носке. Идеальный комплект для создания повседневных образов.",2,men,ef2742b3-35e9-4216-950a-c8d6d16c33b5,Одежда и обувь
3e625926-b7a2-4f58-a6a0-65ddc8d9a1d3,720CA41640,Футболка,Tommy Hilfiger,Футболки,599.00,599.00,True,"{""L"": {""stock"": 2}, ""S"": {""stock"": 2}, ""XL"": {""stock"": 1}}",c9af705b-393c-4653-98a0-02d3729ce0de,d7bc2edb-4b47-4eaf-aa08-22b1b5465710,Классическая синяя футболка Tommy Hilfiger с коротким рукавом и круглым вырезом. Изготовлена из мягкого 100% органического хлопка для повседневного комфорта. Узнаваемый вышитый логотип бренда на груди добавляет стилевую деталь. Универсальный базовый элемент для создания множества образов.,3,men,ef2742b3-35e9-4216-950a-c8d6d16c33b5,Одежда и обувь
fd428d28-1f99-4247-a8e0-55d61cbe543f,F45A1E0199,Футболки 3 шт.,Tommy Hilfiger,Футболки,899.00,899.00,True,"{""L"": {""stock"": 1}, ""S"": {""stock"": 2}, ""XL"": {""stock"": 1}}",c9af705b-393c-4653-98a0-02d3729ce0de,d7bc2edb-4b47-4eaf-aa08-22b1b5465710,Набор из трех классических черных мужских футболок Tommy Hilfiger с коротким рукавом и круглым вырезом. Изготовлены из мягкого хлопка (95%) с добавлением эластана (5%) для улучшенной посадки и комфорта. Каждая футболка украшена узнаваемым вышитым логотипом бренда. Универсальный базовый комплект для повседневной носки.,3,men,ef2742b3-35e9-4216-950a-c8d6d16c33b5,Одежда и обувь
92b07b45-188d-4d06-8284-cd6ca0f0d0ba,C451745978,Футболка,Hugo Boss,Футболки,799.00,799.00,True,"{""L"": {""stock"": 1}}",09c59263-dba4-48f1-8e29-97876ef903b5,d7bc2edb-4b47-4eaf-aa08-22b1b5465710,"Классическая белая мужская футболка Hugo Boss с коротким рукавом и круглым вырезом. Изготовлена из мягкого органического хлопка для комфортной носки. Фирменный логотип бренда нанесен в виде принта, подчеркивая сдержанный стиль. Универсальный базовый элемент для делового и повседневного гардероба.",4,men,ef2742b3-35e9-4216-950a-c8d6d16c33b5,Одежда и обувь
3060c49a-a5b4-4801-a828-c509748e7f4a,2074205823,Футболка,Tommy Hilfiger,Футболки,699.00,699.00,True,"{""S"": {""stock"": 2}, ""XL"": {""stock"": 2}}",c9af705b-393c-4653-98a0-02d3729ce0de,d7bc2edb-4b47-4eaf-aa08-22b1b5465710,Классическая мужская футболка Tommy Hilfiger синего цвета с коротким рукавом и круглым вырезом. Изготовлена из мягкого материала на основе экологичного переработанного хлопка (95%). Узнаваемый вышитый логотип бренда добавляет стильный акцент. Универсальная базовая модель для повседневной носки.,3,men,ef2742b3-35e9-4216-950a-c8d6d16c33b5,Одежда и обувь
a9930e88-d9e3-4472-8bf7-556836029f79,4CD48A33DE,Футболка,Tommy Hilfiger,Футболки,599.00,599.00,True,"{""S"": {""stock"": 1}, ""XL"": {""stock"": 1}}",c9af705b-393c-4653-98a0-02d3729ce0de,d7bc2edb-4b47-4eaf-aa08-22b1b5465710,"Новая must-have модель от Tommy Hilfiger — воплощение неподвластного времени стиля в сочетании с современной чувственностью. Эта футболка с коротким рукавом и классическим круглым вырезом украшена культовым принтом и логотипом бренда. Эта модная футболка, изготовленная из 95% переработанного хлопка, доставит вам удовольствие. Будь то в паре с джинсами для повседневного выхода в свет или под блейзером для создания эффектного образа, она станет незаменимым дополнением к любому гардеробу.",3,men,ef2742b3-35e9-4216-950a-c8d6d16c33b5,Одежда и обувь
cf2038b4-0a65-4835-91e9-b711ab6293aa,27AE67EC7D,Футболка,Tommy Hilfiger,Футболки,599.00,599.00,True,"{""S"": {""stock"": 1}}",c9af705b-393c-4653-98a0-02d3729ce0de,d7bc2edb-4b47-4eaf-aa08-22b1b5465710,"Классическая белая футболка Tommy Hilfiger с коротким рукавом и круглым вырезом. Изготовлена из мягкого 100% органического хлопка для комфорта в носке. Узнаваемый вышитый логотип бренда на груди подчеркивает стиль. Универсальный базовый элемент гардероба, идеальный для повседневных образов.",3,men,ef2742b3-35e9-4216-950a-c8d6d16c33b5,Одежда и обувь
ec828660-6288-43d0-8a4c-e0b091d5527a,903C966C6B,Свитшот,Hugo Boss,Свитшоты,2199.00,1599.00,True,"{""L"": {""stock"": 1}}",09c59263-dba4-48f1-8e29-97876ef903b5,267efdf6-d5fc-4040-8e7d-7a7ae0e79dae,"Состав: Хлопок, полиэстер, эластан",5,men,ef2742b3-35e9-4216-950a-c8d6d16c33b5,Одежда и обувь
ab00baa0-ae31-457b-897d-a1859aae8747,15415C5BA0,Футболка,Emporio Armani,Футболки,799.00,799.00,True,"{""L"": {""stock"": 1}}",8ea6ea3b-828a-42a1-aae3-48d811a8c3d5,d7bc2edb-4b47-4eaf-aa08-22b1b5465710,Состав: Хлопок 100%,4,men,ef2742b3-35e9-4216-950a-c8d6d16c33b5,Одежда и обувь
27a29b25-1c96-4fd7-b8f6-8665ea530870,24C3C9A095,Футболка,Tommy Hilfiger,Футболки,599.00,599.00,True,"{""L"": {""stock"": 1}}",c9af705b-393c-4653-98a0-02d3729ce0de,d7bc2edb-4b47-4eaf-aa08-22b1b5465710,Состав: Хлопок 100%,3,men,ef2742b3-35e9-4216-950a-c8d6d16c33b5,Одежда и обувь
af04247c-7191-458a-8982-dbd01a250c95,5CD84AF457,Кеды,Aeronautica Militare,Кеды,1699.00,,True,"{""42"": {""stock"": 1}}",902de337-46d9-4ea5-8903-3e9b0ec849a8,10075a2b-2f29-4a05-8dc9-bba2315ada5a,Состав: 100% Натуральная кожа,5,men,ef2742b3-35e9-4216-950a-c8d6d16c33b5,Одежда и обувь
6e6c25e2-0742-47e5-8329-c3053f09b253,0E9322B2CC,Кеды,Emporio Armani,Кеды,2499.00,2499.00,True,"{""41.5"": {""stock"": 1}}",8ea6ea3b-828a-42a1-aae3-48d811a8c3d5,10075a2b-2f29-4a05-8dc9-bba2315ada5a,Состав: Натуральная кожа 100%,5,men,ef2742b3-35e9-4216-950a-c8d6d16c33b5,Одежда и обувь
c09423e2-2c16-401e-8dc7-773a16f3567d,EB4A41614E,AR60069,Emporio Armani,Наручные часы,3349.00,,True,"{""single_option"": {""stock"": 1}}",8ea6ea3b-828a-42a1-aae3-48d811a8c3d5,54633eec-af01-4024-a350-d7b84437795f,,1,women,c952baa2-68f3-4ee8-9a34-4cc6758a3ff2,Аксессуары
01a76b39-8d10-4536-a30b-1143f5045764,030F78170D,97P141,BULOVA,Наручные часы,3059.00,,True,"{""single_option"": {""stock"": 1}}",4ea7f34a-2750-4d66-ae10-0f40e34cb5d5,54633eec-af01-4024-a350-d7b84437795f,,1,women,c952baa2-68f3-4ee8-9a34-4cc6758a3ff2,Аксессуары
de33b79a-c02d-4ed0-9bdf-667cf6c8b71a,E5BEFA65A8,AR11461,Emporio Armani,Наручные часы,3539.00,,True,"{""single_option"": {""stock"": 1}}",8ea6ea3b-828a-42a1-aae3-48d811a8c3d5,54633eec-af01-4024-a350-d7b84437795f,,1,women,c952baa2-68f3-4ee8-9a34-4cc6758a3ff2,Аксессуары
4c59b0f6-79ee-4e5e-8ede-376000d3c1e4,D11EA9B8DD,T075220A,Tissot,Наручные часы,6679.00,,True,"{""single_option"": {""stock"": 1}}",11fd1597-92c1-43d1-8363-718a02d11f13,54633eec-af01-4024-a350-d7b84437795f,,1,women,c952baa2-68f3-4ee8-9a34-4cc6758a3ff2,Аксессуары
98c02bf3-048a-41d4-bd37-d49d13fc9744,242860CE80,T058.109.17.036.02,Tissot,Наручные часы,3839.00,,True,"{""single_option"": {""stock"": 1}}",11fd1597-92c1-43d1-8363-718a02d11f13,54633eec-af01-4024-a350-d7b84437795f,,1,women,c952baa2-68f3-4ee8-9a34-4cc6758a3ff2,Аксессуары
cb8d41da-d9bd-4bc6-a116-1c4f27b55269,FABC0934D8,MK-5739,Michael Kors,Наручные часы,2449.00,,True,"{""single_option"": {""stock"": 1}}",f70902a4-9190-4892-aecd-e5848edf7474,54633eec-af01-4024-a350-d7b84437795f,,1,women,c952baa2-68f3-4ee8-9a34-4cc6758a3ff2,Аксессуары
a4e080fa-c5d9-4d58-83fc-5bd9dfdb25a4,99B949AC41,SKW2150,Skagen,Наручные часы,2249.00,,True,"{""single_option"": {""stock"": 1}}",f0ce7229-98d2-4cd1-a5f9-64558d471e7e,54633eec-af01-4024-a350-d7b84437795f,,1,women,c952baa2-68f3-4ee8-9a34-4cc6758a3ff2,Аксессуары
97858dd8-8367-473f-8511-b079cd81526e,F02635BE53,ME3235,Fossil,Наручные часы,2579.00,,True,"{""single_option"": {""stock"": 1}}",143e1b21-a560-4e83-a7b4-f0d42a5922b1,54633eec-af01-4024-a350-d7b84437795f,,1,women,c952baa2-68f3-4ee8-9a34-4cc6758a3ff2,Аксессуары
2dc25c32-d2d6-4920-98b7-5fe6a6ad2eec,44E6458C29,ES5299,Fossil,Наручные часы,2249.00,,True,"{""single_option"": {""stock"": 1}}",143e1b21-a560-4e83-a7b4-f0d42a5922b1,54633eec-af01-4024-a350-d7b84437795f,,1,women,c952baa2-68f3-4ee8-9a34-4cc6758a3ff2,Аксессуары
05b3523e-c4d9-477a-a323-e6a3a721f365,40A3A42A4A,20179288,Marc Jacobs,Наручные часы,2449.00,,True,"{""single_option"": {""stock"": 1}}",75cf062a-8c68-4c03-8fd2-693635e28030,54633eec-af01-4024-a350-d7b84437795f,,1,women,c952baa2-68f3-4ee8-9a34-4cc6758a3ff2,Аксессуары
e7b1f4be-7493-46d5-861b-5b2fc44fc9a2,B50F3D6E6F,20179303,Marc Jacobs,Наручные часы,1999.00,,True,"{""single_option"": {""stock"": 1}}",75cf062a-8c68-4c03-8fd2-693635e28030,54633eec-af01-4024-a350-d7b84437795f,,1,women,c952baa2-68f3-4ee8-9a34-4cc6758a3ff2,Аксессуары
68e455db-cb3d-47bb-b8a3-5b2238701f92,3079D32BCD,CK.64.4.14.0307,Calvin Klein,Наручные часы,2899.00,,True,"{""single_option"": {""stock"": 1}}",56689916-405c-4168-bc0b-95ca057aa7bf,54633eec-af01-4024-a350-d7b84437795f,,1,women,c952baa2-68f3-4ee8-9a34-4cc6758a3ff2,Аксессуары
142c6fff-47a6-4f0c-bc01-7a29227b9476,85702AE657,ES5077,Fossil,Наручные часы,1739.00,,True,"{""single_option"": {""stock"": 1}}",143e1b21-a560-4e83-a7b4-f0d42a5922b1,54633eec-af01-4024-a350-d7b84437795f,,1,women,c952baa2-68f3-4ee8-9a34-4cc6758a3ff2,Аксессуары
ec19e9eb-f4c9-442d-8c40-b90f9451cdb9,9F362E9C2D,FE1240-57L,CITIZEN,Наручные часы,2899.00,,True,"{""single_option"": {""stock"": 1}}",97ae1eff-fb6f-418f-93fd-11f371d3f5e9,54633eec-af01-4024-a350-d7b84437795f,,1,women,c952baa2-68f3-4ee8-9a34-4cc6758a3ff2,Аксессуары
1078552e-f2d1-443b-a59f-721cc6fa493c,6CFD52E7B1,96L276,BULOVA,Наручные часы,2899.00,,True,"{""single_option"": {""stock"": 1}}",4ea7f34a-2750-4d66-ae10-0f40e34cb5d5,54633eec-af01-4024-a350-d7b84437795f,,1,women,c952baa2-68f3-4ee8-9a34-4cc6758a3ff2,Аксессуары
f38f83b2-688b-40af-b04a-ecc4da4c8fae,07FAE8F7FD,AR11344,Emporio Armani,Наручные часы,2249.00,,True,"{""single_option"": {""stock"": 1}}",8ea6ea3b-828a-42a1-aae3-48d811a8c3d5,54633eec-af01-4024-a350-d7b84437795f,,1,women,c952baa2-68f3-4ee8-9a34-4cc6758a3ff2,Аксессуары
93cec783-b721-4479-92b6-58e3efc2f313,4485CA6DA7,20184708,Marc Jacobs,Наручные часы,1899.00,,True,"{""single_option"": {""stock"": 1}}",75cf062a-8c68-4c03-8fd2-693635e28030,54633eec-af01-4024-a350-d7b84437795f,,1,women,c952baa2-68f3-4ee8-9a34-4cc6758a3ff2,Аксессуары
e98cdfd4-c8ff-4247-9345-df3f30c5ece9,57BFC42CAA,T0581091703600,Tissot,Наручные часы,2899.00,,True,"{""single_option"": {""stock"": 1}}",11fd1597-92c1-43d1-8363-718a02d11f13,54633eec-af01-4024-a350-d7b84437795f,,1,women,c952baa2-68f3-4ee8-9a34-4cc6758a3ff2,Аксессуары
29693ebf-bdf5-48d9-9cc6-9b70c8d74335,38B819D07B,D810PD1,Mathey Tissot,Наручные часы,2449.00,,True,"{""single_option"": {""stock"": 1}}",acc5aa32-eec9-4dbe-bfe4-cb51e63cbbba,54633eec-af01-4024-a350-d7b84437795f,,1,women,c952baa2-68f3-4ee8-9a34-4cc6758a3ff2,Аксессуары
0eb2faa7-b146-46ea-8485-581474ba5da9,6396F8E7EC,CK-63-3-14-0302,Calvin Klein,Наручные часы,2899.00,,True,"{""single_option"": {""stock"": 1}}",56689916-405c-4168-bc0b-95ca057aa7bf,54633eec-af01-4024-a350-d7b84437795f,,1,women,c952baa2-68f3-4ee8-9a34-4cc6758a3ff2,Аксессуары
98da770e-4f81-4f26-85f0-71f6860ed136,3AE53AD64A,20179287,Marc Jacobs,Наручные часы,2449.00,,True,"{""single_option"": {""stock"": 1}}",75cf062a-8c68-4c03-8fd2-693635e28030,54633eec-af01-4024-a350-d7b84437795f,,1,women,c952baa2-68f3-4ee8-9a34-4cc6758a3ff2,Аксессуары
d5264745-412c-4863-9022-7fc157e39610,371F47A685,CZEM074-51E,CITIZEN,Наручные часы,2449.00,,True,"{""single_option"": {""stock"": 1}}",97ae1eff-fb6f-418f-93fd-11f371d3f5e9,54633eec-af01-4024-a350-d7b84437795f,,1,women,c952baa2-68f3-4ee8-9a34-4cc6758a3ff2,Аксессуары
057f1f5e-23b1-4a0c-bc91-7b5589c1ed4f,3647DABD1D,MV0607586,Movado,Наручные часы,6649.00,,True,"{""single_option"": {""stock"": 1}}",db18c20f-f95c-4c1e-ac76-2c537e54621a,54633eec-af01-4024-a350-d7b84437795f,,1,men,c952baa2-68f3-4ee8-9a34-4cc6758a3ff2,Аксессуары
3780af0c-5b1e-4ac3-8967-391bceae2494,FCD6BEFFB0,MB011346444,Movado,Наручные часы,4649.00,,True,"{""single_option"": {""stock"": 1}}",db18c20f-f95c-4c1e-ac76-2c537e54621a,54633eec-af01-4024-a350-d7b84437795f,,1,men,c952baa2-68f3-4ee8-9a34-4cc6758a3ff2,Аксессуары
9e6e8360-4ef8-4683-a972-ce80f6607f79,65668043A3,MO-07-1-14-1458,Movado,Наручные часы,6239.00,,True,"{""single_option"": {""stock"": 1}}",db18c20f-f95c-4c1e-ac76-2c537e54621a,54633eec-af01-4024-a350-d7b84437795f,,1,men,c952baa2-68f3-4ee8-9a34-4cc6758a3ff2,Аксессуары
0b674c20-4e26-4a83-9028-674efae1b27b,EEF0DA2C2B,AR60046,Emporio Armani,Наручные часы,2899.00,,True,"{""single_option"": {""stock"": 1}}",8ea6ea3b-828a-42a1-aae3-48d811a8c3d5,54633eec-af01-4024-a350-d7b84437795f,,1,men,c952baa2-68f3-4ee8-9a34-4cc6758a3ff2,Аксессуары
d59a9fed-369c-4528-a5d1-0b53b01f021f,8C8B15A548,FS5447,Fossil,Наручные часы,2649.00,,True,"{""single_option"": {""stock"": 1}}",143e1b21-a560-4e83-a7b4-f0d42a5922b1,54633eec-af01-4024-a350-d7b84437795f,,1,men,c952baa2-68f3-4ee8-9a34-4cc6758a3ff2,Аксессуары
c0dc102e-e826-48e2-8b03-80ab8559725e,FFDA53C040,SSB417P1,Seiko,Наручные часы,3839.00,,True,"{""single_option"": {""stock"": 1}}",93cdc8c9-861e-4cce-80bb-a9a52aa14fa4,54633eec-af01-4024-a350-d7b84437795f,,1,men,c952baa2-68f3-4ee8-9a34-4cc6758a3ff2,Аксессуары
99f645b1-e474-4a0f-af03-a7642261e87a,747BA6730F,96B261,BULOVA,Наручные часы,3349.00,,True,"{""single_option"": {""stock"": 1}}",4ea7f34a-2750-4d66-ae10-0f40e34cb5d5,54633eec-af01-4024-a350-d7b84437795f,,1,men,c952baa2-68f3-4ee8-9a34-4cc6758a3ff2,Аксессуары
b4cfa06c-3de1-4f16-a055-001d4060de3d,99F0FA83AA,MK-8784,Michael Kors,Наручные часы,2549.00,,True,"{""single_option"": {""stock"": 1}}",f70902a4-9190-4892-aecd-e5848edf7474,54633eec-af01-4024-a350-d7b84437795f,,1,men,c952baa2-68f3-4ee8-9a34-4cc6758a3ff2,Аксессуары
dcfd9994-3f04-47f3-a3a5-1e19efea5245,2A979420EA,BQ2668,Fossil,Наручные часы,2899.00,,True,"{""single_option"": {""stock"": 1}}",143e1b21-a560-4e83-a7b4-f0d42a5922b1,54633eec-af01-4024-a350-d7b84437795f,,1,men,c952baa2-68f3-4ee8-9a34-4cc6758a3ff2,Аксессуары
4a021051-50d4-4ec6-aead-0e380644ef21,36EB8A4FFF,AG8340-58E,CITIZEN,Наручные часы,2449.00,,True,"{""single_option"": {""stock"": 1}}",97ae1eff-fb6f-418f-93fd-11f371d3f5e9,54633eec-af01-4024-a350-d7b84437795f,,1,men,c952baa2-68f3-4ee8-9a34-4cc6758a3ff2,Аксессуары
861b6893-8283-4d02-9a08-e6a056cd03be,366D237A64,BQ1000,Fossil,Наручные часы,2449.00,,True,"{""single_option"": {""stock"": 1}}",143e1b21-a560-4e83-a7b4-f0d42a5922b1,54633eec-af01-4024-a350-d7b84437795f,,1,men,c952baa2-68f3-4ee8-9a34-4cc6758a3ff2,Аксессуары
2f711195-58e8-4c8f-b9ad-4f4b5cb20041,899927B356,C0224102203100,Certina,Наручные часы,4449.00,,True,"{""single_option"": {""stock"": 1}}",0d09dec0-f87b-4605-b9b4-98b8aeac3f47,54633eec-af01-4024-a350-d7b84437795f,,1,men,c952baa2-68f3-4ee8-9a34-4cc6758a3ff2,Аксессуары
6517a620-3f4a-4bf8-ba9b-c86755ea1387,124DA4C2BC,MK-8909,Michael Kors,Наручные часы,2449.00,,True,"{""single_option"": {""stock"": 1}}",f70902a4-9190-4892-aecd-e5848edf7474,54633eec-af01-4024-a350-d7b84437795f,,1,men,c952baa2-68f3-4ee8-9a34-4cc6758a3ff2,Аксессуары
0ce0047c-ea7f-42ef-8e07-59e8a1430adb,40B70E8D32,ME3154,Fossil,Наручные часы,2899.00,,True,"{""single_option"": {""stock"": 1}}",143e1b21-a560-4e83-a7b4-f0d42a5922b1,54633eec-af01-4024-a350-d7b84437795f,,1,men,c952baa2-68f3-4ee8-9a34-4cc6758a3ff2,Аксессуары
178eb49f-f229-4e58-ae9a-acd143ede3bf,EFD6E9B25B,JB10-S12823,CITIZEN,Наручные часы,2899.00,,True,"{""single_option"": {""stock"": 1}}",97ae1eff-fb6f-418f-93fd-11f371d3f5e9,54633eec-af01-4024-a350-d7b84437795f,,1,men,c952baa2-68f3-4ee8-9a34-4cc6758a3ff2,Аксессуары
4bbb78c1-b997-4154-b9fe-e3a3bc82d9d2,AC9B1C00DD,CA0426-51E,CITIZEN,Наручные часы,3349.00,,True,"{""single_option"": {""stock"": 1}}",97ae1eff-fb6f-418f-93fd-11f371d3f5e9,54633eec-af01-4024-a350-d7b84437795f,,1,men,c952baa2-68f3-4ee8-9a34-4cc6758a3ff2,Аксессуары
bccb741c-7250-4f8c-97f9-8b488a7e0be9,6E409525AF,SSB429P1,Seiko,Наручные часы,3349.00,,True,"{""single_option"": {""stock"": 1}}",93cdc8c9-861e-4cce-80bb-a9a52aa14fa4,54633eec-af01-4024-a350-d7b84437795f,,1,men,c952baa2-68f3-4ee8-9a34-4cc6758a3ff2,Аксессуары
8e95442f-372f-4874-ae2f-137a4046d8f6,AD62B586E2,FS6038,Fossil,Наручные часы,2649.00,,True,"{""single_option"": {""stock"": 1}}",143e1b21-a560-4e83-a7b4-f0d42a5922b1,54633eec-af01-4024-a350-d7b84437795f,,1,men,c952baa2-68f3-4ee8-9a34-4cc6758a3ff2,Аксессуары
88890cfa-d63b-43cd-bfe2-33f9f151ff91,5EDFA38D18,Grant FS4735,Fossil,Наручные часы,2679.00,,True,"{""single_option"": {""stock"": 1}}",143e1b21-a560-4e83-a7b4-f0d42a5922b1,54633eec-af01-4024-a350-d7b84437795f,"Мужские часы Fossil FS4735 из коллекции Grant. Водозащита до 50 метров позволит принимать душ или умываться, не снимая часов. Надежное минеральное стекло защищает часы от царапин и долго сохраняет первоначальный внешний вид. Минеральное стекло более устойчиво к появлению небольших царапин и потертостей, хорошо может выдержать небольшие удары и падения. Даже если поцарапаете стекло, его легко можно отполировать в часовой мастерской и вернуть им прежний вид. Корпус часов изготовлен из стали, механизм — кварц. Кварцевые часы всегда точнее механических. В среднем, погрешность хода составляет 20 секунд в месяц. Кварцевые часы не нужно заводить, только менять батарейку раз в несколько лет.",1,men,c952baa2-68f3-4ee8-9a34-4cc6758a3ff2,Аксессуары
b523df88-aa56-42f1-ad03-f939124a425c,3A466E12ED,AR1970,Emporio Armani,Наручные часы,3499.00,,True,"{""single_option"": {""stock"": 1}}",8ea6ea3b-828a-42a1-aae3-48d811a8c3d5,54633eec-af01-4024-a350-d7b84437795f,"Идеальный подарок для праздника - модные наручные часы Emporio Armani. Этот итальянский бренд известен своим статусом и классическим дизайном, который никогда не выходит из моды. Часы Emporio Armani изготовлены из высококачественной нержавеющей стали, что придает им прочность и долговечность. Круглый корпус с минеральным стеклом и водонепроницаемым корпусом с защитой от влаги делают эти часы надежными и функциональными. Внимание к деталям - это то, что отличает часы Emporio Armani от других брендов. Сбалансированный дизайн и японский кварцевый механизм гарантируют точность хода и надежную работу часов. Высокое качество и европейское происхождение делают часы Emporio Armani премиум-аксессуаром.",1,men,c952baa2-68f3-4ee8-9a34-4cc6758a3ff2,Аксессуары
9b76449b-cf1d-4601-9fa6-cd382500c4f0,0BEA70F1B5,AR11181,Emporio Armani,Наручные часы,3349.00,,True,"{""single_option"": {""stock"": 1}}",8ea6ea3b-828a-42a1-aae3-48d811a8c3d5,54633eec-af01-4024-a350-d7b84437795f,"Часы с кварцевым механизмом выполнены из нержавеющей стали, минеральное стекло устойчиво к механическим повреждениям. Особенности: 12-ти часовой формат отображения времени, 3 стрелки, риски вместо цифр, календарь даты, стальной браслет с раскладывающейся застежкой, водозащита 50 WR.",1,men,c952baa2-68f3-4ee8-9a34-4cc6758a3ff2,Аксессуары
b5116fe0-d410-40d3-8455-9d04e3fe3193,0D80939BD7,Machine FS4656,Fossil,Наручные часы,2579.00,,True,"{""single_option"": {""stock"": 1}}",143e1b21-a560-4e83-a7b4-f0d42a5922b1,54633eec-af01-4024-a350-d7b84437795f,"Повседневная модель Fossil FS4656. Это мужские часы из коллекции Machine. Водозащита до 50 метров позволит принимать душ или умываться, не снимая часов. Надежное минеральное стекло защищает часы от царапин и долго сохраняет первоначальный внешний вид. Минеральное стекло более устойчиво к появлению небольших царапин и потертостей, хорошо может выдержать небольшие удары и падения. Даже если поцарапаете стекло, его легко можно отполировать в часовой мастерской и вернуть им прежний вид. Корпус часов изготовлен из стали, механизм — кварц. Кварцевые часы всегда точнее механических. В среднем, погрешность хода составляет 20 секунд в месяц. Кварцевые часы не нужно заводить, только менять батарейку раз в несколько лет.",1,men,c952baa2-68f3-4ee8-9a34-4cc6758a3ff2,Аксессуары
dfc88bb1-74ea-4760-b3cd-e244f23dedc6,CA1835382A,Sutton 96B402,BULOVA,Наручные часы,3349.00,,True,"{""single_option"": {""stock"": 1}}",4ea7f34a-2750-4d66-ae10-0f40e34cb5d5,54633eec-af01-4024-a350-d7b84437795f,"Неподвластный времени дизайн и современная функциональность отличают этот новый мужской хронограф Bulova с 6 стрелками из коллекции Sutton. Изысканный серебристый корпус из нержавеющей стали, обработанный щеткой и полировкой, оснащен кнопками хронографа в классическом стиле и куполообразным минеральным стеклом. Привлекательный синий циферблат украшен нанесенными часовыми метками на круглой рифленой дорожке, люминесцентными часовой и минутной стрелками, а также индикацией даты. Хронограф может отсчитывать время до 12 часов с точностью до секунды. Идеально сочетается с коричневым ремешком из кожи крокодила и раскладывающейся застежкой из нержавеющей стали серебристого оттенка в тон. Эти новые мужские часы Bulova из коллекции Sutton позволят вам выглядеть наилучшим образом для любого случая.",1,men,c952baa2-68f3-4ee8-9a34-4cc6758a3ff2,Аксессуары
719e7762-4995-46ef-a509-9e0385c447e6,46C68C32E3,96B403,BULOVA,Наручные часы,3349.00,,True,"{""single_option"": {""stock"": 1}}",4ea7f34a-2750-4d66-ae10-0f40e34cb5d5,54633eec-af01-4024-a350-d7b84437795f,"Неподвластный времени дизайн и современная функциональность отличают этот новый мужской хронограф Bulova с 6 стрелками из коллекции Sutton. Изысканный серебристый корпус из нержавеющей стали, обработанный щеткой и полировкой, оснащен кнопками хронографа в классическом стиле и куполообразным минеральным стеклом. Элегантный черный циферблат украшен нанесенными часовыми метками на круглой рифленой дорожке, люминесцентными часовой и минутной стрелками, а также индикатором даты. Хронограф может отсчитывать время до 12 часов с точностью до секунды. Идеально сочетается с черным ремешком из кожи крокодила и раскладывающейся застежкой из нержавеющей стали серебристого оттенка в тон. Эти новые мужские часы Bulova из коллекции Sutton позволят вам выглядеть наилучшим образом для любого случая.",1,men,c952baa2-68f3-4ee8-9a34-4cc6758a3ff2,Аксессуары
f47d9e87-013e-4098-a750-db8ea3085edd,A8471AB19D,BQ2791,Fossil,Наручные часы,2459.00,,True,"{""single_option"": {""stock"": 1}}",143e1b21-a560-4e83-a7b4-f0d42a5922b1,54633eec-af01-4024-a350-d7b84437795f,"42-миллиметровые часы Easton с черным текстурированным циферблатом, механизмом с тремя стрелками и черным кожаным ремешком.",1,men,c952baa2-68f3-4ee8-9a34-4cc6758a3ff2,Аксессуары
c923f18d-bb9f-4180-a8e9-bbcde41fcacc,410CAEE33C,Блюдце Grain,Bonna,Блюдца,63.00,,True,"{""single_option"": {""stock"": 22}}",d4235539-bd14-444b-b855-e4175669f38f,891b6aa9-cf06-4f50-9b67-f50d8fd72584,,1,unisex,f76ddada-dd43-4207-bc9b-61bb29917f67,Посуда и аксессуары для дома
1fcd5a55-a2d1-4b0d-a70b-d580fe950c9c,FE75E026B6,Чашка чайная Grain 230мл,Bonna,Чашки,84.00,,True,"{""single_option"": {""stock"": 22}}",d4235539-bd14-444b-b855-e4175669f38f,ac31b47d-d5f7-4581-9bd4-208e808e7611,"Объём: 0,23л. Коллекция фарфора Bonna выполнена из профессионального твердого фарфора теплого сливочного оттенка. На изделях вручную нанесен декор в виде кофейной крошки. Нанесение декора делается под глазурь, в следствие чего, все изделия можно мыть в посудомоечной машине. Фарфор Bonna отличается своей прочностью, устойчивостью к сколам и механическим воздействиям, что делает его идеальным для профессионального использования. Материал: фарфор.",1,unisex,f76ddada-dd43-4207-bc9b-61bb29917f67,Посуда и аксессуары для дома
ef6c5b66-8be7-4279-a80e-851b1128da56,DE2D0D9445,Тарелка 21см,Bonna,Тарелки,49.00,,True,"{""single_option"": {""stock"": 24}}",d4235539-bd14-444b-b855-e4175669f38f,67293c60-875e-46b2-a49e-65f3877bca5f,,1,unisex,f76ddada-dd43-4207-bc9b-61bb29917f67,Посуда и аксессуары для дома
c8828667-df6d-43bc-a53b-8579595e028a,A2040887AE,Тарелка 27см,Bonna,Тарелки,131.00,,True,"{""single_option"": {""stock"": 24}}",d4235539-bd14-444b-b855-e4175669f38f,67293c60-875e-46b2-a49e-65f3877bca5f,,1,unisex,f76ddada-dd43-4207-bc9b-61bb29917f67,Посуда и аксессуары для дома
9677d277-13c2-493f-9a69-79f2273f4747,F3D65A917E,Тарелка плоская Iris 25см,Bonna,Тарелки,114.00,,True,"{""single_option"": {""stock"": 12}}",d4235539-bd14-444b-b855-e4175669f38f,67293c60-875e-46b2-a49e-65f3877bca5f,,1,unisex,f76ddada-dd43-4207-bc9b-61bb29917f67,Посуда и аксессуары для дома
a8f11431-46ee-474e-bd3a-05e44e1a0e77,0FE9A286AF,Блюдце Iris 16см,Bonna,Блюдца,40.00,,True,"{""single_option"": {""stock"": 12}}",d4235539-bd14-444b-b855-e4175669f38f,891b6aa9-cf06-4f50-9b67-f50d8fd72584,,1,unisex,f76ddada-dd43-4207-bc9b-61bb29917f67,Посуда и аксессуары для дома
f0453638-4cf9-4d2f-a3e4-ce110156cee8,DE2B26D9F4,Тарелка плоская Iris 23см,Bonna,Тарелки,44.00,,True,"{""single_option"": {""stock"": 8}}",d4235539-bd14-444b-b855-e4175669f38f,67293c60-875e-46b2-a49e-65f3877bca5f,,1,unisex,f76ddada-dd43-4207-bc9b-61bb29917f67,Посуда и аксессуары для дома
4e46b339-1ba6-452a-ae91-80bc4fdf877d,CD7D3ABE7D,Тарелка плоская Iris 30см,Bonna,Тарелки,100.00,,True,"{""single_option"": {""stock"": 12}}",d4235539-bd14-444b-b855-e4175669f38f,67293c60-875e-46b2-a49e-65f3877bca5f,,1,unisex,f76ddada-dd43-4207-bc9b-61bb29917f67,Посуда и аксессуары для дома
8934fcf3-8c1b-4396-8cd5-a60ed38bbd90,62750D6560,Блюдце 19см,Bonna,Блюдца,52.00,,True,"{""single_option"": {""stock"": 24}}",d4235539-bd14-444b-b855-e4175669f38f,891b6aa9-cf06-4f50-9b67-f50d8fd72584,,1,unisex,f76ddada-dd43-4207-bc9b-61bb29917f67,Посуда и аксессуары для дома
8efb7ef1-c474-457d-b1bd-e85ef7007d1d,E55F165109,Тарелка глубокая 23см,Bonna,Тарелки,113.00,,True,"{""single_option"": {""stock"": 24}}",d4235539-bd14-444b-b855-e4175669f38f,67293c60-875e-46b2-a49e-65f3877bca5f,,1,unisex,f76ddada-dd43-4207-bc9b-61bb29917f67,Посуда и аксессуары для дома
6c817145-65c2-4b86-9191-f0933f943742,D5099E6C45,Тарелка 23см,Bonna,Тарелки,56.00,,True,"{""single_option"": {""stock"": 24}}",d4235539-bd14-444b-b855-e4175669f38f,67293c60-875e-46b2-a49e-65f3877bca5f,,1,unisex,f76ddada-dd43-4207-bc9b-61bb29917f67,Посуда и аксессуары для дома
0001ea21-1ba8-498d-bee1-3a3dae66dcc5,FF40811143,Чашка Aura Dusk 250мл,Bonna,Чашки,100.00,,True,"{""single_option"": {""stock"": 6}}",d4235539-bd14-444b-b855-e4175669f38f,ac31b47d-d5f7-4581-9bd4-208e808e7611,,1,unisex,f76ddada-dd43-4207-bc9b-61bb29917f67,Посуда и аксессуары для дома
7bba7357-12d6-477b-9519-c8c972d6208c,213FA84C98,Тарелка плоская Aura Dusk 19см,Bonna,Тарелки,78.00,,True,"{""single_option"": {""stock"": 12}}",d4235539-bd14-444b-b855-e4175669f38f,67293c60-875e-46b2-a49e-65f3877bca5f,,1,unisex,f76ddada-dd43-4207-bc9b-61bb29917f67,Посуда и аксессуары для дома
167077f5-6eca-4d59-8c24-00141db8aa44,0DC4C41A96,Чашка чайная 230мл,Bonna,Чашки,70.00,,True,"{""single_option"": {""stock"": 72}}",d4235539-bd14-444b-b855-e4175669f38f,ac31b47d-d5f7-4581-9bd4-208e808e7611,,1,unisex,f76ddada-dd43-4207-bc9b-61bb29917f67,Посуда и аксессуары для дома
7cdce80f-4360-4bb5-89ee-cc55c6c6d7f3,0D40349C48,Блюдце 16см,Bonna,Блюдца,99.00,,True,"{""single_option"": {""stock"": 12}}",d4235539-bd14-444b-b855-e4175669f38f,891b6aa9-cf06-4f50-9b67-f50d8fd72584,,1,unisex,f76ddada-dd43-4207-bc9b-61bb29917f67,Посуда и аксессуары для дома
0225d48e-c6a7-49d4-b25b-93a75e6b5cf6,D1F3C54FA5,Салатник Sand Snell 16см,Bonna,Салатники,121.00,,True,"{""single_option"": {""stock"": 12}}",d4235539-bd14-444b-b855-e4175669f38f,f989da8d-302d-4c75-9ad5-b9c87dbfa0d1,,1,unisex,f76ddada-dd43-4207-bc9b-61bb29917f67,Посуда и аксессуары для дома
5e97991b-1d40-4214-bbc5-4acc3b95ff3b,1AF00263D5,Тарелка глубокая Sand Snell 23см,Bonna,Тарелки,219.00,,True,"{""single_option"": {""stock"": 12}}",d4235539-bd14-444b-b855-e4175669f38f,67293c60-875e-46b2-a49e-65f3877bca5f,,1,unisex,f76ddada-dd43-4207-bc9b-61bb29917f67,Посуда и аксессуары для дома
329f6bde-0795-497c-98e0-7c55b6ea4bcb,BB4216FC39,Тарелка Sand Snell 21см,Bonna,Тарелки,115.00,,True,"{""single_option"": {""stock"": 12}}",d4235539-bd14-444b-b855-e4175669f38f,67293c60-875e-46b2-a49e-65f3877bca5f,,1,unisex,f76ddada-dd43-4207-bc9b-61bb29917f67,Посуда и аксессуары для дома
2769c143-1626-411c-afb2-466255d59493,C916F9817D,Тарелка Sand Snell 30см,Bonna,Тарелки,270.00,,True,"{""single_option"": {""stock"": 12}}",d4235539-bd14-444b-b855-e4175669f38f,67293c60-875e-46b2-a49e-65f3877bca5f,,1,unisex,f76ddada-dd43-4207-bc9b-61bb29917f67,Посуда и аксессуары для дома
c75c411b-cb46-4570-9062-bd367d90c8dd,B65C27B6C7,Фритюрница FH-2394,DeLonghi,Фритюрницы,3800.00,,True,"{""single_option"": {""stock"": 2}}",a553c096-626b-429a-b0c9-b64664e31036,2497abe1-03ee-4d85-8f07-8d4c9bd6576c,"Фритюрница Delonghi FH2394.BK позволяет готовить различные продукты во фритюре – картофель, мясо, закуски, выпечку. Данная модель характеризуется вместительной чашей с антипригарным керамическим покрытием и 4 режимами температуры с плавной регулировкой. Посредством электронного таймера можно устанавливать определенное время приготовления, а по завершению заданного времени прибор отключается автоматически. С помощью смотрового окна можно визуально контролировать степень готовности. Ножки на основании корпуса Delonghi FH2394.BK из нескользящего материала гарантируют устойчивое размещение прибора.

Характеристики

Основной цвет: черный
Материал корпуса: пластик
Нагревательный элемент: открытый
Съемная чаша: есть
Плавная регулировка температуры: есть
Таймер: есть",5,unisex,f86ddada-dd43-4207-bc9b-61bb29917f67,Техника
94e748d6-1eeb-4358-b810-9ca6121f7064,9E0F2B6B11,Мясорубка MFN-67450,Bosch,Мясорубки,3670.00,,True,"{""single_option"": {""stock"": 2}}",ba6f4ead-4d13-43a4-b8aa-572b697c3662,f2fca86f-cffc-4924-9631-ce888a5330c2,,1,unisex,f86ddada-dd43-4207-bc9b-61bb29917f67,Техника
c4d87ebd-5753-4440-b55c-153fd03895a7,91557DEBD5,Блендер MSM-26230,Bosch,"Миксеры, блендеры",990.00,,True,"{""single_option"": {""stock"": 4}}",ba6f4ead-4d13-43a4-b8aa-572b697c3662,cb7e57cd-56ce-4f93-beee-d721d1be7f89,"Блендер Bosch MSM 26230 в черном цвете сочетает в себе стиль и функциональность. В комплекте прилагается дополнительная погружная насадка из пластика для маленьких порций или соусов.

Характеристики

Тип блендера: погружной
Серия: CleverMixx
Цвет: Черный
Материал корпуса: пластик
Материал погружной части: нержавеющая сталь
Измельчитель: есть
Материал чаши измельчителя / кувшина: пластик
Нож блендера: с 4 лезвиями QuattroBlade",4,unisex,f86ddada-dd43-4207-bc9b-61bb29917f67,Техника
6a513cb3-7a53-488f-938a-b50683c951ab,44DC7CF33C,Блендер HR-2228,Philips,"Миксеры, блендеры",1380.00,,True,"{""single_option"": {""stock"": 2}}",f1cc3c6e-9f5c-4152-86f3-e5352d1a311e,cb7e57cd-56ce-4f93-beee-d721d1be7f89,,1,unisex,f86ddada-dd43-4207-bc9b-61bb29917f67,Техника
e1c20602-ccba-42c0-ad7e-f7f4fe360db6,728168E519,Блендер ручной HR-2531,Philips,"Миксеры, блендеры",575.00,,True,"{""single_option"": {""stock"": 1}}",f1cc3c6e-9f5c-4152-86f3-e5352d1a311e,cb7e57cd-56ce-4f93-beee-d721d1be7f89,"Ваше идеальное меню одним нажатием кнопки
Нежные супы-пюре, воздушные соусы, однородные коктейли и смузи - все это возможно с блендерами Philips. Подберите подходящий вам стационарный или погружной блендер, исходя из ваших индивидуальных потребностей. И создавайте разнообразные блюда, которые оценят ваши близкие!
",1,unisex,f86ddada-dd43-4207-bc9b-61bb29917f67,Техника
372a7467-8539-4e76-bee5-2aeef6264c67,763560500E,Фен для волос BHD-360,Philips,Фены для волос,670.00,,True,"{""single_option"": {""stock"": 2}}",f1cc3c6e-9f5c-4152-86f3-e5352d1a311e,ef56b400-95cc-4656-a7ca-04a50fd288a7,"Мощная сушка волос при меньшей температуре
Насадка ThermoProtect с уникальной конструкцией смешивает теплый и холодный воздух для бережной сушки волос.

Характеристики

Насадка-концентратор: 14 мм
Насадка: ThermoProtect
Насадка-диффузор для придания объема: Да
Длина шнура: 1,8м
Напряжение: 220—240В
Мощность: 2100 Вт
Режимы температуры/скорости: 6
Настройки: Режим холодного обдува
",1,unisex,f86ddada-dd43-4207-bc9b-61bb29917f67,Техника
48764feb-202a-454c-a9d5-4bc1fedd4e2a,C9F517C8BE,Тостер HD-2637,Philips,Тостеры,865.00,,True,"{""single_option"": {""stock"": 2}}",f1cc3c6e-9f5c-4152-86f3-e5352d1a311e,b0967f66-0504-4cd5-85de-1c2bbd08f30a,"Характеристики

Цвет товара: черный
Мощность: 1050 Вт
Количество отделений: 2
Количество тостов: 2
Тип управления: механическое
Дополнительная информация: 7 степеней обжаривания; экстра-подъем тостов
",5,unisex,f86ddada-dd43-4207-bc9b-61bb29917f67,Техника
42c503f8-a759-43ca-bfbd-661b95be3235,5D1F2E1634,Утюг DST-5040,Philips,Утюги,1020.00,,True,"{""single_option"": {""stock"": 3}}",f1cc3c6e-9f5c-4152-86f3-e5352d1a311e,d66dcd49-5b68-474e-8b10-575c968e4c3d,"Создан для работы, день за днем

Чтобы результаты глажения радовали вас день за днем, необходим надежный утюг. Этот высококачественный утюг с подошвой SteamGlide Plus, защищенной от царапин, и встроенной функцией очистки от накипи обеспечивает стабильную мощную подачу пара и долговечность.

Характеристики

Объем резервуара для воды: 320ml
Название подошвы: SteamGlide Plus
Возможность использования водопроводной воды: Да
Система ""капля-стоп"": Да
Устойчивое вертикальное положение: Да
Большое отверстие для залива воды: Да
Мощность: 2600W
Паровой удар: 200g
Постоянная подача пара: 45g/min
Распыление воды: Да
",1,unisex,f86ddada-dd43-4207-bc9b-61bb29917f67,Техника
aac80c03-9f85-442d-8887-ddef2f29a8dc,D3CE5B5C44,Миксер ручной HR-3740,Philips,"Миксеры, блендеры",550.00,,True,"{""single_option"": {""stock"": 1}}",f1cc3c6e-9f5c-4152-86f3-e5352d1a311e,cb7e57cd-56ce-4f93-beee-d721d1be7f89,"Мощное, эффективное смешивание для пышных пирогов

Миксер Philips поможет в приготовлении вкусных воздушных кексов и другой выпечки для всей семьи. Благодаря конической насадке достигается более нежная и воздушная консистенция, а также обеспечивается быстрое смешивание. Мощный мотор 450 Вт позволяет легко замешивать даже самое густое тесто.

Характеристики

Основной материал: Пластик ABS 
Длина шнура: 1,2м
Материал кувшина: АБС-пластик
Материал лезвия: Нержавеющая сталь
Съемные лезвия: Да
Мощность: 450 Вт
Напряжение: 220–240 В
Частота: 50/60 Гц
Аккумулятор: Нет
",5,unisex,f86ddada-dd43-4207-bc9b-61bb29917f67,Техника
e5dd151d-1c1f-4320-a3ed-fd7d298da218,17784A2D35,Блендер ручной HR-2657,Philips,"Миксеры, блендеры",1750.00,,True,"{""single_option"": {""stock"": 1}}",f1cc3c6e-9f5c-4152-86f3-e5352d1a311e,cb7e57cd-56ce-4f93-beee-d721d1be7f89,"Viva Collection
Погружной блендер с технологией ProMix

Больше насадок – больше полезных блюд!
Новые погружные блендеры из коллекции ProMix Viva с различными аксессуарами помогут вам разнообразить меню питательными блюдами.

Характеристики

Основной материал:Пластик
Дополнительный материал: Металл
Функции: смешивание, измельчение, взбивание, спиралайзер
Длина шнура: 1,2m
Технология: ProMix, SpeedTouch
Ненагревающиеся ручки: Да
Можно мыть в посудомоечной машине: Да
Индикатор емкости: Да
Материал кувшина: Пластик (SAN)
Материал лезвия: Нержавеющая сталь
Оборотов в минуту: 11 500
",1,unisex,f86ddada-dd43-4207-bc9b-61bb29917f67,Техника
ac263c1e-ba92-4e7a-81b6-0f5003a0d326,C392A6A168,Эпилятор BRE-225,Philips,"Триммеры, эпиляторы",470.00,,True,"{""single_option"": {""stock"": 2}}",f1cc3c6e-9f5c-4152-86f3-e5352d1a311e,722165bd-7d1d-4c4b-97fc-82fdbdf0a2cd,"Satinelle Essential
Компактный эпилятор с питанием от сети

Простая эпиляция
Эпилятор Philips Satinelle сделает кожу ваших ног идеально гладкой надолго. Он бережно удаляет с корнем волоски длиной от 0,5 мм. Прибор оснащен эргономичной ручкой и головкой, которую можно промывать водой для гигиеничного использования

Характеристики:

Система эпиляции: Эпилирующие диски для бережной эпиляции
Щеточка для чистки: Да
Напряжение: 15 В
Режимы: 2 режима скорости
",1,unisex,f86ddada-dd43-4207-bc9b-61bb29917f67,Техника
0051948b-2764-46ae-95c7-dd705456d3b2,0D2877E39A,Миксер HR-3745,Philips,"Миксеры, блендеры",960.00,,True,"{""single_option"": {""stock"": 1}}",f1cc3c6e-9f5c-4152-86f3-e5352d1a311e,cb7e57cd-56ce-4f93-beee-d721d1be7f89,"Мощное, эффективное смешивание для пышных пирогов

Миксер Philips поможет в приготовлении вкусных воздушных кексов и другой выпечки для всей семьи. Благодаря конической насадке достигается более нежная и воздушная консистенция, а также обеспечивается быстрое смешивание. Мощный мотор 450 Вт позволяет легко замешивать даже самое густое тесто.

Характеристики

Основной материал: Пластик ABS
Дополнительный материал: Металл
Функции: взбивание, замешивание теста
Отделение для хранения шнура: Да
Индикатор емкости: Да
Материал лезвия: Нержавеющая сталь
Мощность: 450 Вт
",0,unisex,f86ddada-dd43-4207-bc9b-61bb29917f67,Техника
6cf1d47a-29ae-49a7-a9c2-51f696a0dc63,4A4C0998B2,Триммер MG-5730,Philips,"Триммеры, эпиляторы",880.00,,True,"{""single_option"": {""stock"": 2}}",f1cc3c6e-9f5c-4152-86f3-e5352d1a311e,722165bd-7d1d-4c4b-97fc-82fdbdf0a2cd,"Высокая точность и превосходный стайлинг

Создайте неповторимый образ, используя этот универсальный триммер с 11 насадками для стрижки волос на голове, лице и теле. Лезвия DualCut гарантируют максимальную точность, а благодаря нескользящей прорезиненной ручке триммер удобно перемещать и легко держать в руке.

Характеристики:

Насадки для стайлинга: Металлический триммер, триммер для создания контура высокоточная бритва, триммер для носа и ушей, регулируемый гребень для бороды 3–7 мм, 2 гребня для щетины, 3 гребня для волос, 1 гребень для тела
Режущая система: Технология DualCut
Время работы: до 80 минут
",1,unisex,f86ddada-dd43-4207-bc9b-61bb29917f67,Техника
09aaccba-0111-4a8f-b0cb-9cb085106003,5D2F72B85F,Мясорубка HR-2714,Philips,Мясорубки,2080.00,,True,"{""single_option"": {""stock"": 1}}",f1cc3c6e-9f5c-4152-86f3-e5352d1a311e,f2fca86f-cffc-4924-9631-ce888a5330c2,"Мясорубка Philips HR2714/30 порадует своего обладателя системой защиты двигателя от перегрузки, которая вовремя приостановит ее работу, тем самым исключив риск внезапного выхода из строя. Эта домашняя помощница может похвастаться высокой производительностью, ведь за 1 минуту ей под силу измельчить до однородной консистенции не менее 1.7 кг мяса.
Модель Philips HR2714/30 хороша и тем, что с ее помощью вы без труда сможете натереть различные овощи, а также приготовить домашние аппетитные колбаски – для этого достаточно воспользоваться соответствующими насадками. Еще одно достоинство прибора – он позволит вам ежедневно наслаждаться витаминным свежевыжатым соком. На корпусе мясорубки предусмотрена прочная ручка для ее удобной транспортировки в необходимое место.

Характеристики

Материал корпуса: пластик
Материал лотка: пластик
Насадка для кеббе: да
Насадка-соковыжималка: шнековая
Комплектация: Загрузочный лоток, насадка-соковыжималка, насадка для кеббе, насадка для колбас х 2 шт., толкатель х 2 шт.
",1,unisex,f86ddada-dd43-4207-bc9b-61bb29917f67,Техника
2471d0ac-4152-476a-bdad-ccbfe3d0dcf2,A048853020,Электрический чайник HD-9318,Philips,Электрические чайники,510.00,,True,"{""single_option"": {""stock"": 5}}",f1cc3c6e-9f5c-4152-86f3-e5352d1a311e,362609f6-ee1b-4677-9695-2372689fd2b0,"Электрочайник Philips HD9318/20 − это функциональный прибор, обладающий стильным дизайном и элементами, которые обеспечивают его комфортную эксплуатацию. Мощность прибора достигает 2200 Вт, что позволяет ему за считанные минуты доводить воду до состояния кипения. На одной из сторон корпуса предусмотрена шкала уровня воды, нанесенная на прозрачное вертикальное окошко. Дополнительно на шкале присутствует указание количества чашек, для приготовления которых будет достаточно воды, содержащейся в чайнике. Объем внутренней колбы соответствует 1.7 л.
Конструкция Philips HD9318/20 предполагает закрытый элемент нагрева, что позволило производителю сделать плоское дно, защитив элемент от контакта с водой и образования накипи. Чайник представлен в черном пластиковом корпусе с удобным носиком. Гибкий нейлоновый фильтр, помещенный в носик, защищает от попадания накипи в чашку. Фильтр легко вынимается для очистки от скопления частиц накипи. От выкипания воды устройство защищает автоматическое отключение после закипания воды.

Характеристики

Объем: 1.7 л
Мощность: 2200 Вт
Материал корпуса: пластик
Длина сетевого шнура: 0.75 м
",5,unisex,f86ddada-dd43-4207-bc9b-61bb29917f67,Техника
b6d73715-d4b0-4648-8411-d3a42b00c8db,C8DC89EFA6,Выпрямитель волос BHS-378,Philips,Выпрямители для волос,610.00,,True,"{""single_option"": {""stock"": 5}}",f1cc3c6e-9f5c-4152-86f3-e5352d1a311e,b26e80d3-2b7b-4fb6-831f-a6b4abe94769,"StraightCare Essential
Выпрямитель ThermoProtect

Точные настройки и система ионизации: гладкие и блестящие волосы

Создавайте укладку легко и быстро благодаря длинным пластинам с кератиновым покрытием, а также 6 температурным режимам. Заботьтесь о своих волосах с технологией ThermoProtect, предотвращающей перегревание, и обеспечивайте блеск волос с помощью системы ионизации.

Характеристики

Длина шнура: 1,8м
Напряжение: 110-240В
Время нагрева: 30 сек.
Тип регулировки температуры: Ползунок с LED-индикатором
Длинные пластины: 28x100 мм
Температурный диапазон: 160–230 °C
Шнур на шарнире: Да
Индикатор готовности к использованию: Да
Материал пластин: Керамические пластины с кератиновым покрытием
Петелька для подвешивания: Да
Блокировка пластин: Да
",1,unisex,f86ddada-dd43-4207-bc9b-61bb29917f67,Техника
5c322a2a-a368-4d15-b9d2-8602f9bedda3,D9E18AB08D,Кофемашина EP-3246,Philips,Кофемашины,15000.00,,True,"{""single_option"": {""stock"": 1}}",f1cc3c6e-9f5c-4152-86f3-e5352d1a311e,9fba0abe-a5a0-4de6-999a-9e77e62f0a53,"Множество горячих напитков у вас под рукой!
Наслаждайтесь 5 видами напитков, согревающим эспрессо и американо или нежным латте макиато и капучино. Наша система приготовления кофе разработана так, чтобы уровень качества ваших напитков каждый день радовал вас не меньше, чем у профессионального бариста в вашей любимой кофейне.

Получите нежную молочную пенку с системой LatteGo 🥛
Благодаря запатентованной технологии взбивания LatteGo вы получите мягкую молочную пенку одним нажатием кнопки. Система готовит отличную пенку с любым видом молока, включая растительные альтернативы.

Более яркий аромат с 100% керамическими жерновами
Наши долговечные керамические жернова раскрывают весь аромат кофейных зерен. Они настраиваются в 12 различных степеней от тонкого порошка до крупных частиц.

Идеальная температура, аромат и крема в каждой чашке ☕️
Система Aroma Extract поддерживает температуру воды между 90°C и 98°C, регулируя скорость потока воды для идеального баланса между температурой и ароматом.

Комплектация
Содержимое коробки Philips LatteGo EP3246:

- Philips LatteGo Эспрессо-Машина: Основное устройство для приготовления кофе ☕️.
- Контейнер для кофейных зерен: Контейнер для хранения кофейных зерен для помола 🌟.
- Резервуар для воды: Съемный бак для заполнения водой 💧.
- ЛаттеГо молочный вспениватель: Съемное устройство для вспенивания молока для латте и капучино 🥛.
- Фильтр для воды AquaClean, тюбик со смазкой, мерная ложка, тестовая полоска для проверки жесткости воды

",8,unisex,f86ddada-dd43-4207-bc9b-61bb29917f67,Техника
5a5a31b4-1607-4b13-9086-bb80d3da53ad,5538FD9D35,Блендер HR-2056,Philips,"Миксеры, блендеры",540.00,,True,"{""single_option"": {""stock"": 2}}",f1cc3c6e-9f5c-4152-86f3-e5352d1a311e,cb7e57cd-56ce-4f93-beee-d721d1be7f89,"
Характеристики

Тип блендера: стационарный
Мощность: 350 Вт
Управление: механическое
Режимы: импульсный
Дополнительные функции: колка льда
Насадки: мельничка
Емкость кувшина: 1 л
Особенности конструкции: нескользящие ножки, отверстие для ингредиентов, отсек для шнура
Материал чаши: пластик
",1,unisex,f86ddada-dd43-4207-bc9b-61bb29917f67,Техника
23217836-3acc-4a76-817a-02b2b7aedc1b,1A5AD30A04,Электрический чайник HD-9350,Philips,Электрические чайники,670.00,,True,"{""single_option"": {""stock"": 4}}",f1cc3c6e-9f5c-4152-86f3-e5352d1a311e,362609f6-ee1b-4677-9695-2372689fd2b0,"Daily Collection

Прослужит долго
Прочный чайник выполнен из безопасной пищевой нержавеющей стали и разработан специально для ежедневного использования в течение длительного времени. Компания Philips создала этот стильный и качественный чайник благодаря 60-летнему опыту в сфере предоставления надежных решений.

Характеристики

Напряжение: 220–240  V
Мощность: 1850–2200  W
Длина шнура: 0,75  m
Емкость: 1,7L
",1,unisex,f86ddada-dd43-4207-bc9b-61bb29917f67,Техника
6f5ddee6-3a3f-40bb-9d80-4f4519a3daa7,1E0DDD8977,Отпариватель GC-486,Philips,Отпариватели,1600.00,,True,"{""single_option"": {""stock"": 2}}",f1cc3c6e-9f5c-4152-86f3-e5352d1a311e,074bb900-302a-4648-8a0b-7d4114b1d689,"На 20 % более мощный* с постоянной подачей пара 35 г/мин
Отпариватель EasyTouch на 20 % мощнее* предыдущих моделей благодаря мощной постоянной подаче пара 35 г/мин, обеспечивающей избавление от складок всего за несколько движений

3 режима подачи пара для различных тканей
Выберите нужный режим подачи пара для оптимального результата при обработке конкретного вида ткани: устанавливайте менее интенсивную подачу пара для тонких тканей, и более мощную — для плотных тканей.

Резервуар для воды 1,4 л с отверстием на 80 % больше*
Большой съемный резервуар для воды 1,4 л имеет отверстие на 80 % больше*, чем у моделей предыдущего поколения, что обеспечивает простое наполнение и очистку резервуара.

Характеристики:

Объем резервуара для воды: 1400  ml
Съемный резервуар для воды: Да
Долив воды в любой момент использования: Да
Длина сетевого шнура: 1,8  m
Вешалка для одежды: Да
Рукавица для дополнительной защиты: Да
Регулируемая стационарная вешалка: Да
",1,unisex,f86ddada-dd43-4207-bc9b-61bb29917f67,Техника
a71f0492-c34e-4cbe-aec7-09657cfd0732,52381B0BB2,Кухонный комбайн HR-7778,Philips,Комбайны,4400.00,,True,"{""single_option"": {""stock"": 2}}",f1cc3c6e-9f5c-4152-86f3-e5352d1a311e,71c95a50-83e0-49c6-b88d-ab633a0528f3,"Рубите, нарезайте, шинкуйте, замешивайте, взбивайте и смешивайте

Кухонный комбайн Philips серии 7000 — это универсальное решение для вашей кухни. Благодаря новой инновационной металлической насадке-крюку для теста, мощному мотору 1300 Вт и запрограммированной кнопке замешивания теста одним нажатием выпекать хлеб стало просто, как никогда. поможет в приготовлении вкусных воздушных кексов и другой выпечки для всей семьи. Благодаря конической насадке достигается более нежная и воздушная консистенция, а также обеспечивается быстрое смешивание. Мощный мотор 450 Вт позволяет легко замешивать даже самое густое тесто.

Характеристики

Основной материал: Пластик
Дополнительный материал: Металл
Функции: Смешивание, измельчение, шинкование, замешивание теста, эмульсирование, соковыжималка для цитрусовых
Количество порций: 8
Нескользящие ножки: Да
Интерфейс: Поворотный регулятор, 3 кнопки с предустановками
Длина шнура: 1m
Технология: PowerChop
",1,unisex,f86ddada-dd43-4207-bc9b-61bb29917f67,Техника
519aeb36-ed84-4db9-b20c-e4983bd591e4,659A424121,Электрический чайник HD-9339,Philips,Электрические чайники,990.00,,True,"{""single_option"": {""stock"": 1}}",f1cc3c6e-9f5c-4152-86f3-e5352d1a311e,362609f6-ee1b-4677-9695-2372689fd2b0,"Стеклянный чайник - легкий, 1,7 л

Современный и долговечный
Стеклянный чайник объемом 1,7 л отличается современным дизайном и оснащен удобным синим индикатором включения в основании чайника.

Характеристики

Основной материал: Стекло
Емкость резервуара для воды: 1,7 л
Мощность: 1850–2200 Вт
Напряжение: 220—240 В
Частота: 50–60 Гц
Аккумулятор: Нет
",1,unisex,f86ddada-dd43-4207-bc9b-61bb29917f67,Техника
f8ad5e7d-fe6f-4e08-b6dd-a6c972cbcef5,BF47892D50,Блендер MF815866,Tefal,"Миксеры, блендеры",2350.00,,True,"{""single_option"": {""stock"": 4}}",ca811d65-cf0e-4e79-9e92-57d0169ed3a7,cb7e57cd-56ce-4f93-beee-d721d1be7f89,,1,unisex,f86ddada-dd43-4207-bc9b-61bb29917f67,Техника
a5b703a1-8064-43ba-87ae-d7e7fc9c1d0a,70F9A0EE57,Утюг с парогенератором GV9812,Tefal,Утюги,5440.00,,True,"{""single_option"": {""stock"": 2}}",ca811d65-cf0e-4e79-9e92-57d0169ed3a7,d66dcd49-5b68-474e-8b10-575c968e4c3d,"Парогенератор TEFAL PRO EXPRESS VISION сочетает непревзойденную силу пара и смарт-дизайн для идеального результатата каждый раз. Умная LED-подсветка упрощает процесс глажения, вы увидите все складки на одежде даже при слабом освещении в комнате. Технология ультрамощного пара сделает процесс глажения максимально эффективным.

Характеристики:

Давление пара: 8,1 бар
Резервуар для воды: 1,2 л
Мощность: 2200 Вт
Паровой удар: 700 г/мин
Материал подошвы: Durilium Airglide Autoclean Ultra-thin
Подача пара: 180 г/мин
Фиксатор утюга: Да
Умная LED-подсветка зоны глажения: Да
Коллектор от накипи: Да
",10,unisex,f86ddada-dd43-4207-bc9b-61bb29917f67,Техника
3804c599-1e8b-4602-88ee-38a197eabc11,A2CA9D624B,Отпариватель IT3420,Tefal,Отпариватели,5400.00,,True,"{""single_option"": {""stock"": 2}}",ca811d65-cf0e-4e79-9e92-57d0169ed3a7,074bb900-302a-4648-8a0b-7d4114b1d689,"Получите идеальный результат разглаживания на всех типах тканей с мощным отпаривателем для одежды Tefal Pro Style Care. Его сверхмощный пар до 42 г/мин легко и быстро разглаживает любые складки, а запатентованная система вертикальной поддержки Press & Steam от Tefal обеспечивает дополнительный комфорт в уходе за вещами. Откройте для себя надежный отпариватель, который идеально разгладит, освежит и продезинфицирует вашу одежду.",5,unisex,f86ddada-dd43-4207-bc9b-61bb29917f67,Техника
accde4c7-ec88-4b26-b02b-16d39afdc949,45C4F53352,Пылесос беспроводной TY6543,Tefal,Пылесосы,2380.00,,True,"{""single_option"": {""stock"": 1}}",ca811d65-cf0e-4e79-9e92-57d0169ed3a7,899c7832-0a0b-4c02-9826-b7a32e178171,"Беспроводной пылесос Tefal создан для того, чтобы дарить вам новый, приятный опыт эффективной уборки всей квартиры от пола до потолка. Мощный мотор сочетается с удобным, эргономичным и легким корпусом в ручном режиме, исключительной автономностью и высокоэффективной насадкой с LED подсветкой для глубокой очистки любых напольных покрытий. Пылесос позволяет легко и быстро добиться идеальной чистоты во всем доме.",5,unisex,f86ddada-dd43-4207-bc9b-61bb29917f67,Техника
ae6c7307-015f-4a40-a434-0e53070b857e,EE5272368E,Электрический чайник KO6931,Tefal,Электрические чайники,890.00,,True,"{""single_option"": {""stock"": 2}}",ca811d65-cf0e-4e79-9e92-57d0169ed3a7,362609f6-ee1b-4677-9695-2372689fd2b0,"Наслаждайтесь любимыми горячими напитками, приготовленными при правильной температуре, с современным электрическим чайником Tefal. Чайник выполнен в элегантном минималистичном дизайне и оснащен встроенным скрытым электронным дисплеем, который показывает температуру воды внутри чайника в режиме реального времени..

Характеристики:

Материал корпуса: Пластик
Мощность: 1800 Вт
Объем: 1.5 л
Количество температурных режимов: 5
Защита от ожогов: Двойные стенки",5,unisex,f86ddada-dd43-4207-bc9b-61bb29917f67,Техника
4b01a131-3000-4177-9624-8a310e64feab,A68E8863A0,Рисоварка RK7401,Tefal,Рисоварки,1590.00,,True,"{""single_option"": {""stock"": 2}}",ca811d65-cf0e-4e79-9e92-57d0169ed3a7,25ab5a2d-1aa0-47c1-afbf-fa17a75f6efa,,1,unisex,f86ddada-dd43-4207-bc9b-61bb29917f67,Техника
0ea07e7f-6386-4d6b-a8c2-636cf404251d,E98859A32B,Сковорода L23191,Tefal,Сковороды,1100.00,,True,"{""single_option"": {""stock"": 2}}",ca811d65-cf0e-4e79-9e92-57d0169ed3a7,67da40aa-aab7-4c43-a0d2-e90b8bab8449,,1,unisex,f76ddada-dd43-4207-bc9b-61bb29917f67,Посуда и аксессуары для дома
b22a49b4-403b-46f5-bf10-51a6752288c4,BBF94FB0FD,Утюг FV5715,Tefal,Утюги,850.00,,True,"{""single_option"": {""stock"": 1}}",ca811d65-cf0e-4e79-9e92-57d0169ed3a7,d66dcd49-5b68-474e-8b10-575c968e4c3d,"Утюг Easygliss Plus сделает каждое глажение быстрым и легким благодаря ультратонкой подошве Durilium Airglide, которая идеально скользит по любому типу ткани, и высокой мощности 2400 Вт, благодаря которой утюг разогревается за считанные секунды. Мощность постоянного пара достигает 45 г/мин, позволяя эффективно гладить ваши вещи, а паровой удар до 190 г/мин помогает удалить самые стойкие складки. Утюг выполнен в практичном дизайне с удобным расположением отверстия для наполнения резервуара для воды, оснащен системой «Капля-стоп», которая предотвращает попадание капель воды на ткани во время глажения, и имеет активные паровые отверстия по всей поверхности подошвы, которые обеспечивают максимальное распределение пара.

Характеристики:

Мощность: 2400 Вт
Паровой удар: 190 г/мин
Материал подошвы: Durilium Airglide
Подача пара: 45 г/мин
Автоотключение: Нет
Система самоочистки
Противокапельная система: Да",8,unisex,f86ddada-dd43-4207-bc9b-61bb29917f67,Техника
4dd3a99e-2d48-4722-a948-b5ffc7d2eaa0,341723355A,Фритюрница FF220040,Tefal,Фритюрницы,1250.00,,True,"{""single_option"": {""stock"": 2}}",ca811d65-cf0e-4e79-9e92-57d0169ed3a7,2497abe1-03ee-4d85-8f07-8d4c9bd6576c,"Побалуйте себя и близких действительно вкусной картошкой-фри вместе с фритюрницей Minifryer от Tefal. Корпус устройства выполнен из нержавеющей стали и имеет удобные ручки для переноски, а вместительная чаша имеет антипригарное покрытие, что предотвращает пригорание еды при приготовлении. С помощью специального смотрового окна в крышке устройства вы легко сможете наблюдать за процессом приготовления любимых блюд. А благодаря ее компактным размерам фритюрницу можно удобно хранить даже в небольшой кухне или брать с собой на дачу.

Характеристики:

Максимальный объем масла: 1 л
Максимальный вес ингредиентов: 0.6 кг
Окошко для контроля приготовления: Да
Регулируемый термостат: Да
Антипригарное покрытие чаши: Да
Дополнительные аксессуары: Корзина для жарки",10,unisex,f86ddada-dd43-4207-bc9b-61bb29917f67,Техника
6145da4e-e6ff-43cf-b540-98a20be6330b,CA3636BCE8,Электрический чайник KO2601,Tefal,Электрические чайники,730.00,,True,"{""single_option"": {""stock"": 5}}",ca811d65-cf0e-4e79-9e92-57d0169ed3a7,362609f6-ee1b-4677-9695-2372689fd2b0,"Функциональный и стильный электрочайник Tefal KO2601 белого цвета обладает довольно высокой мощностью (2150 Вт). Вода в нем закипает за считанные минуты и может долго оставаться горячей благодаря особенностям конструкции. В чайнике предусмотрена внутренняя колба из нержавеющей стали, заключенная в корпус из пластика, что обеспечивает «эффект термоса». При этом конструкция чайника довольно эргономичная, что делает его повседневное использование очень комфортным. Есть шкала уровня воды, чтобы точно заполнять чайник при необходимости.

Характеристики:

Материал корпуса: Пластик
Мощность: 2150 Вт
Объем: 1.7 л
Защита от ожогов: Двойные стенки",4,unisex,f86ddada-dd43-4207-bc9b-61bb29917f67,Техника
28085f7d-95b2-4140-8155-de32f491deb8,8B7924F6F8,Электрический гриль HGM50,Kenwood,Электрогрили,1400.00,,True,"{""single_option"": {""stock"": 2}}",bb4fe62f-3ed0-4879-9adf-3229c3d16d54,3c1242ba-a0b3-4cbf-a514-bf8c49af1730,"Kenwood HGM50 со сменным грилем подходит для создания вкусных тостов для сэндвичей и приготовления шампуров или котлет для бургеров на гриле! Идеально подойдет для отдыха или повседневной готовки.

Характеристики:

Мощность:	1800 Вт
Покрытие:	Антипригарное
Особенности:	2 положения - контактное или открытое на 180°
Ручка: Cool-touch
Габариты	32 x 30 x 8 см, Вес 3,56 кг
Цвет:	Серебристый
Комплект поставки:	Настольный гриль, Поддон для масла, ручка, инструкция пользователя
",4,unisex,f86ddada-dd43-4207-bc9b-61bb29917f67,Техника
baebf71f-4d8e-403d-a0ac-7de2a51bb122,CC7FC89DF4,Соковыжималка JEM02800W,Kenwood,Соковыжималки,1500.00,,True,"{""single_option"": {""stock"": 2}}",bb4fe62f-3ed0-4879-9adf-3229c3d16d54,249192da-5e35-4ba1-ab99-0ed4bb75c9eb,,1,unisex,f86ddada-dd43-4207-bc9b-61bb29917f67,Техника
4d5f55e2-a2d5-448b-ad74-18991b466b5e,410DCD35EB,Кухонный комбайн FDM71,Kenwood,Комбайны,5850.00,,True,"{""single_option"": {""stock"": 1}}",bb4fe62f-3ed0-4879-9adf-3229c3d16d54,71c95a50-83e0-49c6-b88d-ab633a0528f3,"Освежите свой опыт приготовления пищи с Kenwood Multipro Express Weigh+ — 7-в-1 кухонным комбайном, который станет вашим верным помощником в кухне.

С интегрированными цифровыми весами, уникальными для Kenwood, исследуйте мир кулинарии без лишних хлопот. Переключайтесь между граммами и унциями, взвешивайте прямо в чаше или как автономный вес. Также, благодаря запатентованной технологии экспресс-сервировки, готовьте, не замарачиваясь с мытьем дополнительной посуды.

Kenwood Multipro Express Weigh+ — навигатор в мире кулинарии, где инновации встречаются с функциональностью. Освежите свой стиль готовки сегодня!

Характеристики:

Страна-изготовитель: Великобритания
Системы защиты: Защита от перегрева
Мощность, Вт: 1000
Материал корпуса: Металл, Пластик
Объем чаши: 3л
Цвет: Серебристый
",7,unisex,f86ddada-dd43-4207-bc9b-61bb29917f67,Техника
d5788ab6-ee51-4e28-9f81-eb45fd238f03,6B647A5EBD,Мясорубка MG510,Kenwood,Мясорубки,2070.00,,True,"{""single_option"": {""stock"": 2}}",bb4fe62f-3ed0-4879-9adf-3229c3d16d54,f2fca86f-cffc-4924-9631-ce888a5330c2,"Комплектация
Корпус мясорубки, Загрузочный блок, Шнек, Нож, Лоток, Толкатель, Решетка (3 в комплекте, диаметр отверстий 3мм, 4.5мм и 8 мм), Насадка для колбас, Насадка для кеббе, Миска для фарша/крышка, Руководство пользователя.

Характеристики:

Производительность, кг/мин: 2
Мощность, Вт: 450
Макс. мощность (при блокировке мотора), Вт: 1600
Материал корпуса: Металл
Материал лотка: Металл
Цвет: Серый металлик

",9,unisex,f86ddada-dd43-4207-bc9b-61bb29917f67,Техника
1d2c3700-ed8b-4990-b006-e4353cf976a2,D86D35C84A,Фен-щетка для волос AS 720,Braun,Фены для волос,1260.00,,True,"{""single_option"": {""stock"": 3}}",b53af3e0-d1b6-4552-b012-afd2c42c9e28,ef56b400-95cc-4656-a7ca-04a50fd288a7,"Стайлер для укладки Braun Satin Hair 7 с функцией ионизации IONTEC наполняет волосы миллионами активных ионов. Они мгновенно устраняют статическое электричество, создаваемое обычными стайлерами для укладки. Волосы становятся более ровными и гладкими, излучая заметно больше блеска.

Характеристики:

Тип укладки: сушка и укладка
Функция ионизации:	+
Функция холодный воздух:	+
Количество температурных режимов: 2
Цвет: черный
Мощность (Вт):	700

Комплектация:

Насадка расческа:	+
Большая круглая щетка 38 мм:	+
Инструкция по эксплуатации:	+
",4,unisex,f86ddada-dd43-4207-bc9b-61bb29917f67,Техника
5bf4c8e0-e7b8-48d5-a7c5-9ac28daab233,7B23BECE50,Электрический чайник WK 5110,Braun,Электрические чайники,1080.00,,True,"{""single_option"": {""stock"": 6}}",b53af3e0-d1b6-4552-b012-afd2c42c9e28,362609f6-ee1b-4677-9695-2372689fd2b0,"Braun ID — Коллекция завтраков.

Начните день по-своему.
Завтрак сделан так, как вам нравится. Новый чайник Braun ID Breakfast Collection WK 5110 для завтрака позволяет вам приготовить максимум любимых напитков каждое утро!

Характеристики:

Объем: 1,7 л
Мощность: 3000 Вт
Система быстрого закипания - 35 секунд
Кипячение воды на 1 чашку
Широкий приподнятый носик: удобно наливать воду из-под крана
Скрытый нагревательный элемент из нержавеющей стали
4‑х уровневая система безопасности - автоотключение:
- при закипании воды
- при отсутствии воды
- при подъеме чайника с базы
- дополнительная стабильность при наклоне корпуса на 15°
Эргономичный дизайн:
- удобная кнопка старта / выключения с подсветкой
- комфортная открытая ручка из прорезиненного материала
Съемный, моющийся фильтр от накипи
Основание: вращение 360°
Материал: высококачественный пластик, не содержит бисфенола
",4,unisex,f86ddada-dd43-4207-bc9b-61bb29917f67,Техника
8d2ff69d-0f9e-4a68-91ac-638be14a4205,C6B03C4DCC,Фен для волос HD 130,Braun,Фены для волос,670.00,,True,"{""single_option"": {""stock"": 6}}",b53af3e0-d1b6-4552-b012-afd2c42c9e28,ef56b400-95cc-4656-a7ca-04a50fd288a7,"Фен Satin Hair Style&Go. Путешествуйте со стилем. Этот складной дорожный фен легко упаковывается и по-настоящему компактен. Он дает свободу сушить и укладывать волосы в любое время и в любом месте. Два температурных режима позволяют добиваться отличных результатов без ущерба здоровью волос, а складная ручка делает фен экстракомпактным, удобным для хранения и перевозки, при этом не влияя на мощность фена.

Характеристики:

Количество скоростей:	1
Система инфракрасного нагрева:	+
Количество температурных режимов:	2
Независимая регулировка режимов:	+

Комплектация:

Насадок в комплекте:	1
Профессиональная насадка - концентратор:	+
",4,unisex,f86ddada-dd43-4207-bc9b-61bb29917f67,Техника
0d05ef91-c55a-4f40-9f08-59a2bf479651,E1D81B9127,Триммер универсальный MGK 5260,Braun,"Триммеры, эпиляторы",860.00,,True,"{""single_option"": {""stock"": 3}}",b53af3e0-d1b6-4552-b012-afd2c42c9e28,722165bd-7d1d-4c4b-97fc-82fdbdf0a2cd,"Универсальные наборы для стайлинга обеспечивают полноценный уход за волосами на лице, голове и теле. До 10 функций в 1 приборе. Сверхострые металлические лезвия с неограниченным сроком службы позволяют достичь идеального результата с первого движения. Без защипываний и выдергиваний волос.
Подстригайте волосы, установив нужную длину - 0,5-21мм благодаря 2 регулируемым гребням. 13 точных настроек длины. Мотор Autosensing обеспечивает постоянную скорость даже при обработке густых волос.

Характеристики:

Тип устройства:	триммер для волос, бороды, усов
Водонепроницаемость:	+
Гарантия (лет):	2
Тип питания: Li-ion аккумулятор
Цвет:	черный/серый
Светодиодный индикатор уровня зарядки:	+

Комплектация:

Насадок в комплекте:	6
Насадка-гребень для коротких волос 3-11 мм:	+
Насадка-гребень 1 мм:	+
Насадка-гребень для длинных волос 13-21 мм:	+
Насадка-гребень 2 мм:	+
Насадка для точного стайлинга:	+
Насадка для носа и ушей:	+
Зарядное устройство SmartPlug:	+
Щеточка для чистки:	+
",4,unisex,f86ddada-dd43-4207-bc9b-61bb29917f67,Техника
dd6a230b-3028-462c-ad34-db8a588b223f,F51897D8F4,Миксер HM 1070,Braun,"Миксеры, блендеры",950.00,,True,"{""single_option"": {""stock"": 3}}",b53af3e0-d1b6-4552-b012-afd2c42c9e28,cb7e57cd-56ce-4f93-beee-d721d1be7f89,"Миксер Braun HM1070WH представляет собой домашнего ассистента, которому вы с легкостью доверите приготовление различных соусов, начинок, легких десертов и пышного теста. Представленная модель комплектуется 3-литровой чашей, выполненной на основе безопасного для здоровья пластика. Подовому материалу не свойственно выделение тех или иных соединений, а также воздействие на вкусовые свойства продуктов.
Миксер Braun HM1070WH предлагает поварам возможность выбора среди 4 различных режимов. Чтобы взбить те или иные ингредиенты для омлета, запеканок, домашних сырников, не придется расходовать уйму времени – потребуется лишь установить насадку-венчик. Непрерывное вращение основной емкости способствует более тщательному и деликатному перемешиванию продуктов. Для значительного повышения мощности кухонного помощника достаточно активировать турборежим.

Максимальная мощность: 400 Вт
Объем чаши: 3л
Материал чаши: пластик
Материал корпуса: металл, пластик
Кнопка отсоединения насадок: есть
Напряжение питания: 220-240В/50-60Гц
",5,unisex,f86ddada-dd43-4207-bc9b-61bb29917f67,Техника
dd2ab594-0451-465a-aedb-0fa023eed872,55FE3E3E6B,Блендер MQ 5285,Braun,"Миксеры, блендеры",1990.00,,True,"{""single_option"": {""stock"": 6}}",b53af3e0-d1b6-4552-b012-afd2c42c9e28,cb7e57cd-56ce-4f93-beee-d721d1be7f89,,1,unisex,f86ddada-dd43-4207-bc9b-61bb29917f67,Техника
099faf7c-37a5-49b3-b279-430e10e4dab5,B1759771E0,Соковыжималка CJ 301,Braun,Соковыжималки,660.00,,True,"{""single_option"": {""stock"": 2}}",b53af3e0-d1b6-4552-b012-afd2c42c9e28,249192da-5e35-4ba1-ab99-0ed4bb75c9eb,"Выбирайте здоровый образ жизни и начинайте свое утро с получения полезных веществ с помощью свежевыжатых соков и напитков, приготовленных с помощью вашей новой соковыжималки медленного отжима. Благодаря системе медленного отжима вы получите максимум пользы от выбранных вами фруктов и овощей. Она позволяет безопасно и просто готовить вкусный и полезный свежевыжатый сок с высокой степенью извлечения - до 80%, оснащена трубкой для подачи фруктов и овощей и мощным двигателем нового поколения. Сохраняет все питательные вещества, витамины и ферменты в их естественном виде, благодаря чему получается питательная и освежающая смесь.

* Пресс-конус, который поочередно поворачивается влево и вправо для особенно тщательного извлечения сока
* Контейнер для мякоти большой емкости позволяет выжать достаточное количество сока за один прием
* Носик для предотвращения попадания сока на стол
* Прочная металлическая насадка надежно удерживает фрукты на месте и позволяет более эффективно выжимать сок
* Плотно фиксирует детали соковыжималки, чтобы она не двигалась во время приготовления сока


Установка — настольная
Цвет — белый
Длина изделия — 15,1 см
Высота изделия — 26,8 см
Ширина изделия — 20,6 см
Объем — 1 л
Мощность — 20 Вт
Номер модели — CJ301",4,unisex,f86ddada-dd43-4207-bc9b-61bb29917f67,Техника
