id;title;description;gender;age_group;availability;inventory;condition;price;sale_price;link;mobile_link;image_link;brand;size;product_type;item_group_id;custom_label_0
f8838c1b-6365-4624-800e-c8a05b0dd684;Boss Поло;"Цвет: Белый
Материал: 92% Хлопок 8% Эластан
Производство: Бангладеш";men;adult;in stock;0;new;1799.00 TJS;1799.00 TJS;https://hayamm.com/men/91144231D7;https://l.hayamm.com/product/91144231D7;https://storage.googleapis.com/static.ququ.shop/img/product/meta-ad-feed/91144231D7-0.jpg;Boss;size: one size;Поло;91144231D7;91144231D7
deb4c7e8-9f19-4b83-8073-ba660375be3f;Boss Футболка;"Цвет: Белый
Материал: 93% Полиэстер 7% Эластан
Производитель: Вьетнам";men;adult;in stock;0;new;1249.00 TJS;1249.00 TJS;https://hayamm.com/men/E7DE220F5C;https://l.hayamm.com/product/E7DE220F5C;https://storage.googleapis.com/static.ququ.shop/img/product/meta-ad-feed/E7DE220F5C-0.jpg;Boss;size: one size;Футболки;E7DE220F5C;E7DE220F5C
81a17b80-fa3d-4cf9-b05f-a5e67f6138d4;Tommy Hilfiger Кеды;Войдите в мир эталонной спортивной изысканности с этими мужскими кроссовками Tommy Hilfiger. Идеальное сочетание стиля и комфорта: каждая пара выполнена в элегантном голубом оттенке с выразительными белыми акцентами. Эти шнурованные спортивные кеды обладают съемной стелькой для настраиваемого комфорта и украшены культовым логотипом Tommy Hilfiger, позволяя заявлять о себе с каждым шагом. Благодаря тщательно подобранному сочетанию материалов, обеспечивающему долговечность и воздухопроницаемость, эти кеды являются неотъемлемым атрибутом для современного мужчины, следящего за трендами.;men;adult;in stock;0;new;1449.00 TJS;1449.00,00 TJS;https://hayamm.com/men/5A8324AA1E;https://l.hayamm.com/product/5A8324AA1E;https://storage.googleapis.com/static.ququ.shop/img/product/meta-ad-feed/5A8324AA1E-0.jpg;Tommy Hilfiger;size: one size;Кеды;5A8324AA1E;5A8324AA1E
634018fd-aecc-4584-9357-4110ad674d3a;Boss Поло;Дополните свой гардероб изысканным поло BOSS в неподвластном времени дизайне, созданном специально для современного мужчины. Это поло с коротким рукавом, украшенное тонким, но эффектным принтом и культовым логотипом BOSS, является смелым воплощением элегантности и стиля. Классическая посадка на двух пуговицах обеспечивает комфорт и универсальность для любого случая.;men;adult;in stock;0;new;1699.00 TJS;1699.00 TJS;https://hayamm.com/men/D9FB412D11;https://l.hayamm.com/product/D9FB412D11;https://storage.googleapis.com/static.ququ.shop/img/product/meta-ad-feed/D9FB412D11-0.jpg;Boss;size: one size;Поло;D9FB412D11;D9FB412D11
b707df04-ff97-4ca1-aead-b09aa2eb4742;Boss Спортивные штаны;"Цвет: Синий
Материал: 99% Полиэстер 1% Эластан
Производство: Турция";men;adult;in stock;0;new;2199.00 TJS;1999.00,00 TJS;https://hayamm.com/men/6D2CCC1096;https://l.hayamm.com/product/6D2CCC1096;https://storage.googleapis.com/static.ququ.shop/img/product/meta-ad-feed/6D2CCC1096-0.jpg;Boss;size: one size;Спортивные штаны;6D2CCC1096;6D2CCC1096
aa60bcb0-5d0e-4c0b-9cbc-c0f1a8788137;Boss Ветровка;"Цвет: Темно-синий
Материал: 99% Полиэстер 1% Эластан
Производство: Турция";men;adult;in stock;0;new;2499.00 TJS;1999.00,00 TJS;https://hayamm.com/men/4991216FAF;https://l.hayamm.com/product/4991216FAF;https://storage.googleapis.com/static.ququ.shop/img/product/meta-ad-feed/4991216FAF-0.jpg;Boss;size: one size;Куртки и ветровки;4991216FAF;4991216FAF
bca1ba95-80ca-4a2c-83d1-d5f0d45e1b79;Boss Бейсболка;"Стильная мужская кепка BOSS с классическим дизайном и белым контрастным логотипом. Изготовлена из 100% высококачественной хлопковой саржи с нанесенной окантовкой и удобной застежкой на металлическую пряжку. Идеально подходит для повседневных образов.

Цвет: тёмно-синий
Материал: 100% хлопок
Производитель: Бангладеш";men;adult;in stock;4;new;1049.00 TJS;1049.00 TJS;https://hayamm.com/men/CDF9537350;https://l.hayamm.com/product/CDF9537350;https://storage.googleapis.com/static.ququ.shop/img/product/meta-ad-feed/CDF9537350-0.jpg;Boss;size: one size;Бейсболки;CDF9537350;CDF9537350
0aecad6c-016e-431d-b794-199fab3d8c31;Boss Ветровка;"Цвет: Черный
Материал: 99% Полиэстер 1% Эластан
Производство: Турция";men;adult;in stock;0;new;2499.00 TJS;1999.00,00 TJS;https://hayamm.com/men/927D45C7AE;https://l.hayamm.com/product/927D45C7AE;https://storage.googleapis.com/static.ququ.shop/img/product/meta-ad-feed/927D45C7AE-0.jpg;Boss;size: one size;Куртки и ветровки;927D45C7AE;927D45C7AE
1f3876b5-01fc-4673-9521-df2e7a75693b;Boss Спортивные штаны;"Цвет: Черный
Материал: 99% Полиэстер 1% Эластан
Производство: Турция";men;adult;in stock;0;new;2199.00 TJS;1999.00,00 TJS;https://hayamm.com/men/AB1FFC6543;https://l.hayamm.com/product/AB1FFC6543;https://storage.googleapis.com/static.ququ.shop/img/product/meta-ad-feed/AB1FFC6543-0.jpg;Boss;size: one size;Спортивные штаны;AB1FFC6543;AB1FFC6543
f43f1c14-c7c7-4829-bdc5-631d5d4f1d98;Boss Кроссовки;"Цвет: Черный
Состав: 100% Натуральная кожа
Производитель: Вьетнам";men;adult;in stock;0;new;2499.00 TJS;2499.00 TJS;https://hayamm.com/men/43627A62D1;https://l.hayamm.com/product/43627A62D1;https://storage.googleapis.com/static.ququ.shop/img/product/meta-ad-feed/43627A62D1-0.jpg;Boss;size: one size;Кроссовки;43627A62D1;43627A62D1
dc7a6c2e-ee4d-4744-8b02-8240d8ab5467;Boss Бейсболка;"Окунитесь в мир высококлассного стиля с кепкой BOSS с регулируемым козырьком, в которой функциональность сочетается с культовым стилем бренда. Этот элегантный аксессуар не просто защищает от солнца, но и подчеркивает изысканность благодаря яркой вышивке и классическому логотипу, который ни с чем не спутаешь. Созданный с предельным вниманием к деталям, он представляет собой идеальное сочетание комфорта и роскоши.

Цвет: черный
Состав: 100% хлопок
Производство: Индия";men;adult;in stock;6;new;1049.00 TJS;1049.00 TJS;https://hayamm.com/men/C3825CE880;https://l.hayamm.com/product/C3825CE880;https://storage.googleapis.com/static.ququ.shop/img/product/meta-ad-feed/C3825CE880-0.jpg;Boss;size: one size;Бейсболки;C3825CE880;C3825CE880
be0d75e2-b65f-48fe-b5ee-713b03399110;Boss Кроссовки;Country of Origin: Vietnam;men;adult;in stock;0;new;2499.00 TJS;2499.00 TJS;https://hayamm.com/men/0D3DE27C92;https://l.hayamm.com/product/0D3DE27C92;https://storage.googleapis.com/static.ququ.shop/img/product/meta-ad-feed/0D3DE27C92-0.jpg;Boss;size: one size;Кроссовки;0D3DE27C92;0D3DE27C92
24891532-d2ea-4799-bf52-679689e0bc4e;EA7 Ветровка;Откройте для себя куртку EA7, изготовленную из 100% технологичного полиамида, которая идеально подходит для спортивного и современного образа. Эта куртка создана для обеспечения комфорта и легкости, что делает ее идеальной для весенних и осенних дней. Застежка-молния спереди и высокий воротник обеспечивают надежную посадку, а вышитый логотип EA7 на груди придает модели особый стиль. Носите ее ежедневно или на досуге, легко сочетая с джинсами или повседневными брюками.;men;adult;in stock;0;new;2799.00 TJS;1999.00,00 TJS;https://hayamm.com/men/0FF8206733;https://l.hayamm.com/product/0FF8206733;https://storage.googleapis.com/static.ququ.shop/img/product/meta-ad-feed/0FF8206733-0.jpg;EA7;size: one size;Куртки и ветровки;0FF8206733;0FF8206733
2b5b434c-cb9e-475b-8811-650d60590ed0;Hugo Boss Футболка;Эта белая футболка из органического хлопка — идеальная основа любого образа. Расслабленный крой и классический круглый вырез гарантируют исключительный комфорт в течение всего дня. Нанесенный логотип добавляет модели современный и стильный акцент. Универсальность и экологичность делают эту футболку must-have для вашего гардероба.;men;adult;in stock;0;new;899.00 TJS;899.00,00 TJS;https://hayamm.com/men/E89390C280;https://l.hayamm.com/product/E89390C280;https://storage.googleapis.com/static.ququ.shop/img/product/meta-ad-feed/E89390C280-0.jpg;Hugo Boss;size: one size;Футболки;E89390C280;E89390C280
ce1b15b4-09a5-4f2e-ae92-6ccb24f504ca;Hugo Boss Поло;Обретите безупречный стиль с поло Hugo Boss. Модель из высококачественного хлопка гарантирует исключительный комфорт и свободу движений. Элегантный силуэт slim fit и вышитый логотип подчеркивают статус и безупречный вкус. Это идеальная основа для любого современного образа — от повседневного до делового-кэжуал.;men;adult;in stock;0;new;1299.00 TJS;1299.00,00 TJS;https://hayamm.com/men/F4AAE2B9BC;https://l.hayamm.com/product/F4AAE2B9BC;https://storage.googleapis.com/static.ququ.shop/img/product/meta-ad-feed/F4AAE2B9BC-0.jpg;Hugo Boss;size: one size;Поло;F4AAE2B9BC;F4AAE2B9BC
822a33a3-fc62-42b8-9742-1c127bb307d8;Hugo Boss Поло;Подчеркните свой безупречный стиль с классическим черным поло от Hugo Boss. Модель из premium хлопка обеспечивает максимальный комфорт и идеальную посадку по фигуре. Элегантный силуэт slim fit и узнаваемый вышитый логотип бренда говорят о вашем безупречном вкусе. Эта универсальная модель станет ключевым элементом как повседневного, так и более строгого гардероба.;men;adult;in stock;0;new;1299.00 TJS;1299.00,00 TJS;https://hayamm.com/men/91EB172A40;https://l.hayamm.com/product/91EB172A40;https://storage.googleapis.com/static.ququ.shop/img/product/meta-ad-feed/91EB172A40-0.jpg;Hugo Boss;size: one size;Поло;91EB172A40;91EB172A40
3060c49a-a5b4-4801-a828-c509748e7f4a;Tommy Hilfiger Футболка;Классическая мужская футболка Tommy Hilfiger синего цвета с коротким рукавом и круглым вырезом. Изготовлена из мягкого материала на основе экологичного переработанного хлопка (95%). Узнаваемый вышитый логотип бренда добавляет стильный акцент. Универсальная базовая модель для повседневной носки.;men;adult;in stock;0;new;699.00 TJS;699.00,00 TJS;https://hayamm.com/men/2074205823;https://l.hayamm.com/product/2074205823;https://storage.googleapis.com/static.ququ.shop/img/product/meta-ad-feed/2074205823-0.jpg;Tommy Hilfiger;size: one size;Футболки;2074205823;2074205823
cf2038b4-0a65-4835-91e9-b711ab6293aa;Tommy Hilfiger Футболка;Классическая белая футболка Tommy Hilfiger с коротким рукавом и круглым вырезом. Изготовлена из мягкого 100% органического хлопка для комфорта в носке. Узнаваемый вышитый логотип бренда на груди подчеркивает стиль. Универсальный базовый элемент гардероба, идеальный для повседневных образов.;men;adult;in stock;0;new;599.00 TJS;599.00,00 TJS;https://hayamm.com/men/27AE67EC7D;https://l.hayamm.com/product/27AE67EC7D;https://storage.googleapis.com/static.ququ.shop/img/product/meta-ad-feed/27AE67EC7D-0.jpg;Tommy Hilfiger;size: one size;Футболки;27AE67EC7D;27AE67EC7D
615de216-fef0-449b-84bf-19ca8e5b0c09;Tommy Hilfiger Футболки 3 шт.;Базовые футболки Tommy Hilfiger с коротким рукавом и круглым вырезом, представленные в удобном наборе из трех штук. Модель выполнена из мягкого регенерированного хлопка и украшена узнаваемым вышитым логотипом бренда. Классический прямой крой обеспечивает универсальность и комфорт в носке. Идеальный комплект для создания повседневных образов.;men;adult;in stock;0;new;899.00 TJS;899.00,00 TJS;https://hayamm.com/men/D9D671460B;https://l.hayamm.com/product/D9D671460B;https://storage.googleapis.com/static.ququ.shop/img/product/meta-ad-feed/D9D671460B-0.jpg;Tommy Hilfiger;size: one size;Футболки;D9D671460B;D9D671460B
92b07b45-188d-4d06-8284-cd6ca0f0d0ba;Hugo Boss Футболка;Классическая белая мужская футболка Hugo Boss с коротким рукавом и круглым вырезом. Изготовлена из мягкого органического хлопка для комфортной носки. Фирменный логотип бренда нанесен в виде принта, подчеркивая сдержанный стиль. Универсальный базовый элемент для делового и повседневного гардероба.;men;adult;in stock;0;new;799.00 TJS;799.00,00 TJS;https://hayamm.com/men/C451745978;https://l.hayamm.com/product/C451745978;https://storage.googleapis.com/static.ququ.shop/img/product/meta-ad-feed/C451745978-0.jpg;Hugo Boss;size: one size;Футболки;C451745978;C451745978
fd428d28-1f99-4247-a8e0-55d61cbe543f;Tommy Hilfiger Футболки 3 шт.;Набор из трех классических черных мужских футболок Tommy Hilfiger с коротким рукавом и круглым вырезом. Изготовлены из мягкого хлопка (95%) с добавлением эластана (5%) для улучшенной посадки и комфорта. Каждая футболка украшена узнаваемым вышитым логотипом бренда. Универсальный базовый комплект для повседневной носки.;men;adult;in stock;0;new;899.00 TJS;899.00,00 TJS;https://hayamm.com/men/F45A1E0199;https://l.hayamm.com/product/F45A1E0199;https://storage.googleapis.com/static.ququ.shop/img/product/meta-ad-feed/F45A1E0199-0.jpg;Tommy Hilfiger;size: one size;Футболки;F45A1E0199;F45A1E0199
a9930e88-d9e3-4472-8bf7-556836029f79;Tommy Hilfiger Футболка;Новая must-have модель от Tommy Hilfiger — воплощение неподвластного времени стиля в сочетании с современной чувственностью. Эта футболка с коротким рукавом и классическим круглым вырезом украшена культовым принтом и логотипом бренда. Эта модная футболка, изготовленная из 95% переработанного хлопка, доставит вам удовольствие. Будь то в паре с джинсами для повседневного выхода в свет или под блейзером для создания эффектного образа, она станет незаменимым дополнением к любому гардеробу.;men;adult;in stock;0;new;599.00 TJS;599.00,00 TJS;https://hayamm.com/men/4CD48A33DE;https://l.hayamm.com/product/4CD48A33DE;https://storage.googleapis.com/static.ququ.shop/img/product/meta-ad-feed/4CD48A33DE-0.jpg;Tommy Hilfiger;size: one size;Футболки;4CD48A33DE;4CD48A33DE
3e625926-b7a2-4f58-a6a0-65ddc8d9a1d3;Tommy Hilfiger Футболка;Классическая синяя футболка Tommy Hilfiger с коротким рукавом и круглым вырезом. Изготовлена из мягкого 100% органического хлопка для повседневного комфорта. Узнаваемый вышитый логотип бренда на груди добавляет стилевую деталь. Универсальный базовый элемент для создания множества образов.;men;adult;in stock;0;new;599.00 TJS;599.00,00 TJS;https://hayamm.com/men/720CA41640;https://l.hayamm.com/product/720CA41640;https://storage.googleapis.com/static.ququ.shop/img/product/meta-ad-feed/720CA41640-0.jpg;Tommy Hilfiger;size: one size;Футболки;720CA41640;720CA41640
de32636f-ed0a-4bba-96c9-497aa5164328;Calvin Klein Шапка;Откройте для себя мужскую шапку Calvin Klein FINE RIB BEANIE - элегантный и универсальный аксессуар, который идеально дополнит ваш зимний образ. Изготовленная из высококачественного материала, в состав которого входит 55% органического хлопка, 34% полиэстера, 8% шерсти и 3% кашемира, эта шапка обеспечивает исключительный комфорт и приятную на ощупь текстуру. Ребристый дизайн делает эту шапку не только стильной, но и практичной, сохраняя вашу голову в тепле в самые холодные дни;men;adult;in stock;7;new;899.00 TJS;899.00 TJS;https://hayamm.com/men/DB8736DE87;https://l.hayamm.com/product/DB8736DE87;https://storage.googleapis.com/static.ququ.shop/img/product/meta-ad-feed/DB8736DE87-0.jpg;Calvin Klein;size: one size;Шапки;DB8736DE87;DB8736DE87
5068c6ac-2a0d-4264-8b1d-4ec5dd4d3c93;Calvin Klein Шапка;Встречайте классическую мужскую шапку Calvin Klein COTTON RIB, которая станет незаменимым аксессуаром для вашего зимнего гардероба. Эта шапка, изготовленная из смеси 50% органического хлопка, 45% хлопковой ткани и 5% кашемира, обеспечивает идеальное сочетание комфорта и тепла. Ребристый дизайн не только придает модели стильный вид, но и обеспечивает плотную и удобную посадку. Эта шапка идеально подходит для холодных дней, ее можно носить во время прогулок по городу или для завершения повседневного образа. Яркий логотип Calvin Klein придает ей нотку сдержанной элегантности. Не упустите шанс добавить эту незаменимую вещь к своему зимнему образу.;men;adult;in stock;3;new;899.00 TJS;899.00 TJS;https://hayamm.com/men/64030281CA;https://l.hayamm.com/product/64030281CA;https://storage.googleapis.com/static.ququ.shop/img/product/meta-ad-feed/64030281CA-0.jpg;Calvin Klein;size: one size;Шапки;64030281CA;64030281CA
8f0a5b9f-60cc-402f-8ec7-9a6bf5ae1523;Calvin Klein Шапка;Встречайте классическую черную мужскую шапку Calvin Klein COTTON RIB, которая станет незаменимым аксессуаром для вашего зимнего гардероба. Эта шапка, изготовленная из смеси 50% органического хлопка, 45% хлопковой ткани и 5% кашемира, обеспечивает идеальное сочетание комфорта и тепла. Ребристый дизайн не только придает модели стильный вид, но и обеспечивает плотную и удобную посадку. Эта шапка идеально подходит для холодных дней, ее можно носить во время прогулок по городу или для завершения повседневного образа. Яркий логотип Calvin Klein придает ей нотку сдержанной элегантности. Не упустите шанс добавить эту незаменимую вещь к своему зимнему образу.;men;adult;in stock;3;new;899.00 TJS;899.00 TJS;https://hayamm.com/men/EF8CA31A5B;https://l.hayamm.com/product/EF8CA31A5B;https://storage.googleapis.com/static.ququ.shop/img/product/meta-ad-feed/EF8CA31A5B-0.jpg;Calvin Klein;size: one size;Шапки;EF8CA31A5B;EF8CA31A5B
7b35baf9-ceb2-41d0-a659-cfa50da54b5d;Calvin Klein Шапка;Откройте для себя стильную мужскую шапку Calvin Klein, незаменимый аксессуар для вашего зимнего гардероба. Эта шапка, изготовленная из высококачественной смеси 45% альпаки, 30% полиамида и 25% шерсти, обеспечивает исключительный комфорт и теплую защиту от холода. Классический дизайн и ребристая текстура делают ее универсальной, идеально подходящей для повседневных или спортивных нарядов. Эта шапочка с ярким логотипом Calvin Klein не только функциональна, но и является символом стиля и качества. Независимо от того, наденете ли вы ее на прогулку по городу или в течение дня на свежем воздухе, этот аксессуар будет незаменим в этом сезоне.;unisex;adult;in stock;14;new;899.00 TJS;899.00 TJS;https://hayamm.com/unisex/77E96DD1B8;https://l.hayamm.com/product/77E96DD1B8;https://storage.googleapis.com/static.ququ.shop/img/product/meta-ad-feed/77E96DD1B8-0.jpg;Calvin Klein;size: one size;Шапки;77E96DD1B8;77E96DD1B8
ec828660-6288-43d0-8a4c-e0b091d5527a;Hugo Boss Свитшот;Состав: Хлопок, полиэстер, эластан;men;adult;in stock;0;new;2199.00 TJS;1599.00,00 TJS;https://hayamm.com/men/903C966C6B;https://l.hayamm.com/product/903C966C6B;https://storage.googleapis.com/static.ququ.shop/img/product/meta-ad-feed/903C966C6B-0.jpg;Hugo Boss;size: one size;Свитшоты;903C966C6B;903C966C6B
ab00baa0-ae31-457b-897d-a1859aae8747;Emporio Armani Футболка;Состав: Хлопок 100%;men;adult;in stock;0;new;799.00 TJS;799.00,00 TJS;https://hayamm.com/men/15415C5BA0;https://l.hayamm.com/product/15415C5BA0;https://storage.googleapis.com/static.ququ.shop/img/product/meta-ad-feed/15415C5BA0-0.jpg;Emporio Armani;size: one size;Футболки;15415C5BA0;15415C5BA0
27a29b25-1c96-4fd7-b8f6-8665ea530870;Tommy Hilfiger Футболка;Состав: Хлопок 100%;men;adult;in stock;0;new;599.00 TJS;599.00,00 TJS;https://hayamm.com/men/24C3C9A095;https://l.hayamm.com/product/24C3C9A095;https://storage.googleapis.com/static.ququ.shop/img/product/meta-ad-feed/24C3C9A095-0.jpg;Tommy Hilfiger;size: one size;Футболки;24C3C9A095;24C3C9A095
af04247c-7191-458a-8982-dbd01a250c95;Aeronautica Militare Кеды;Состав: 100% Натуральная кожа;men;adult;in stock;0;new;1699.00 TJS;1699.00 TJS;https://hayamm.com/men/5CD84AF457;https://l.hayamm.com/product/5CD84AF457;https://storage.googleapis.com/static.ququ.shop/img/product/meta-ad-feed/5CD84AF457-0.jpg;Aeronautica Militare;size: one size;Кеды;5CD84AF457;5CD84AF457
6e6c25e2-0742-47e5-8329-c3053f09b253;Emporio Armani Кеды;Состав: Натуральная кожа 100%;men;adult;in stock;0;new;2499.00 TJS;2499.00,00 TJS;https://hayamm.com/men/0E9322B2CC;https://l.hayamm.com/product/0E9322B2CC;https://storage.googleapis.com/static.ququ.shop/img/product/meta-ad-feed/0E9322B2CC-0.jpg;Emporio Armani;size: one size;Кеды;0E9322B2CC;0E9322B2CC
c09423e2-2c16-401e-8dc7-773a16f3567d;Emporio Armani AR60069;AR60069;women;adult;in stock;1;new;3349.00 TJS;3349.00 TJS;https://hayamm.com/women/EB4A41614E;https://l.hayamm.com/product/EB4A41614E;https://storage.googleapis.com/static.ququ.shop/img/product/meta-ad-feed/EB4A41614E-0.jpg;Emporio Armani;size: one size;Наручные часы;EB4A41614E;EB4A41614E
01a76b39-8d10-4536-a30b-1143f5045764;BULOVA 97P141;97P141;women;adult;in stock;1;new;3059.00 TJS;3059.00 TJS;https://hayamm.com/women/030F78170D;https://l.hayamm.com/product/030F78170D;https://storage.googleapis.com/static.ququ.shop/img/product/meta-ad-feed/030F78170D-0.jpg;BULOVA;size: one size;Наручные часы;030F78170D;030F78170D
de33b79a-c02d-4ed0-9bdf-667cf6c8b71a;Emporio Armani AR11461;AR11461;women;adult;in stock;1;new;3539.00 TJS;3539.00 TJS;https://hayamm.com/women/E5BEFA65A8;https://l.hayamm.com/product/E5BEFA65A8;https://storage.googleapis.com/static.ququ.shop/img/product/meta-ad-feed/E5BEFA65A8-0.jpg;Emporio Armani;size: one size;Наручные часы;E5BEFA65A8;E5BEFA65A8
4c59b0f6-79ee-4e5e-8ede-376000d3c1e4;Tissot T075220A;T075220A;women;adult;in stock;1;new;6679.00 TJS;6679.00 TJS;https://hayamm.com/women/D11EA9B8DD;https://l.hayamm.com/product/D11EA9B8DD;https://storage.googleapis.com/static.ququ.shop/img/product/meta-ad-feed/D11EA9B8DD-0.jpg;Tissot;size: one size;Наручные часы;D11EA9B8DD;D11EA9B8DD
98c02bf3-048a-41d4-bd37-d49d13fc9744;Tissot T058.109.17.036.02;T058.109.17.036.02;women;adult;in stock;1;new;3839.00 TJS;3839.00 TJS;https://hayamm.com/women/242860CE80;https://l.hayamm.com/product/242860CE80;https://storage.googleapis.com/static.ququ.shop/img/product/meta-ad-feed/242860CE80-0.jpg;Tissot;size: one size;Наручные часы;242860CE80;242860CE80
cb8d41da-d9bd-4bc6-a116-1c4f27b55269;Michael Kors MK-5739;MK-5739;women;adult;in stock;1;new;2449.00 TJS;2449.00 TJS;https://hayamm.com/women/FABC0934D8;https://l.hayamm.com/product/FABC0934D8;https://storage.googleapis.com/static.ququ.shop/img/product/meta-ad-feed/FABC0934D8-0.jpg;Michael Kors;size: one size;Наручные часы;FABC0934D8;FABC0934D8
a4e080fa-c5d9-4d58-83fc-5bd9dfdb25a4;Skagen SKW2150;SKW2150;women;adult;in stock;1;new;2249.00 TJS;2249.00 TJS;https://hayamm.com/women/99B949AC41;https://l.hayamm.com/product/99B949AC41;https://storage.googleapis.com/static.ququ.shop/img/product/meta-ad-feed/99B949AC41-0.jpg;Skagen;size: one size;Наручные часы;99B949AC41;99B949AC41
97858dd8-8367-473f-8511-b079cd81526e;Fossil ME3235;ME3235;women;adult;in stock;1;new;2579.00 TJS;2579.00 TJS;https://hayamm.com/women/F02635BE53;https://l.hayamm.com/product/F02635BE53;https://storage.googleapis.com/static.ququ.shop/img/product/meta-ad-feed/F02635BE53-0.jpg;Fossil;size: one size;Наручные часы;F02635BE53;F02635BE53
2dc25c32-d2d6-4920-98b7-5fe6a6ad2eec;Fossil ES5299;ES5299;women;adult;in stock;1;new;2249.00 TJS;2249.00 TJS;https://hayamm.com/women/44E6458C29;https://l.hayamm.com/product/44E6458C29;https://storage.googleapis.com/static.ququ.shop/img/product/meta-ad-feed/44E6458C29-0.jpg;Fossil;size: one size;Наручные часы;44E6458C29;44E6458C29
05b3523e-c4d9-477a-a323-e6a3a721f365;Marc Jacobs 20179288;20179288;women;adult;in stock;1;new;2449.00 TJS;2449.00 TJS;https://hayamm.com/women/40A3A42A4A;https://l.hayamm.com/product/40A3A42A4A;https://storage.googleapis.com/static.ququ.shop/img/product/meta-ad-feed/40A3A42A4A-0.jpg;Marc Jacobs;size: one size;Наручные часы;40A3A42A4A;40A3A42A4A
e7b1f4be-7493-46d5-861b-5b2fc44fc9a2;Marc Jacobs 20179303;20179303;women;adult;in stock;1;new;1999.00 TJS;1999.00 TJS;https://hayamm.com/women/B50F3D6E6F;https://l.hayamm.com/product/B50F3D6E6F;https://storage.googleapis.com/static.ququ.shop/img/product/meta-ad-feed/B50F3D6E6F-0.jpg;Marc Jacobs;size: one size;Наручные часы;B50F3D6E6F;B50F3D6E6F
68e455db-cb3d-47bb-b8a3-5b2238701f92;Calvin Klein CK.64.4.14.0307;CK.64.4.14.0307;women;adult;in stock;1;new;2899.00 TJS;2899.00 TJS;https://hayamm.com/women/3079D32BCD;https://l.hayamm.com/product/3079D32BCD;https://storage.googleapis.com/static.ququ.shop/img/product/meta-ad-feed/3079D32BCD-0.jpg;Calvin Klein;size: one size;Наручные часы;3079D32BCD;3079D32BCD
142c6fff-47a6-4f0c-bc01-7a29227b9476;Fossil ES5077;ES5077;women;adult;in stock;1;new;1739.00 TJS;1739.00 TJS;https://hayamm.com/women/85702AE657;https://l.hayamm.com/product/85702AE657;https://storage.googleapis.com/static.ququ.shop/img/product/meta-ad-feed/85702AE657-0.jpg;Fossil;size: one size;Наручные часы;85702AE657;85702AE657
ec19e9eb-f4c9-442d-8c40-b90f9451cdb9;CITIZEN FE1240-57L;FE1240-57L;women;adult;in stock;1;new;2899.00 TJS;2899.00 TJS;https://hayamm.com/women/9F362E9C2D;https://l.hayamm.com/product/9F362E9C2D;https://storage.googleapis.com/static.ququ.shop/img/product/meta-ad-feed/9F362E9C2D-0.jpg;CITIZEN;size: one size;Наручные часы;9F362E9C2D;9F362E9C2D
1078552e-f2d1-443b-a59f-721cc6fa493c;BULOVA 96L276;96L276;women;adult;in stock;1;new;2899.00 TJS;2899.00 TJS;https://hayamm.com/women/6CFD52E7B1;https://l.hayamm.com/product/6CFD52E7B1;https://storage.googleapis.com/static.ququ.shop/img/product/meta-ad-feed/6CFD52E7B1-0.jpg;BULOVA;size: one size;Наручные часы;6CFD52E7B1;6CFD52E7B1
f38f83b2-688b-40af-b04a-ecc4da4c8fae;Emporio Armani AR11344;AR11344;women;adult;in stock;1;new;2249.00 TJS;2249.00 TJS;https://hayamm.com/women/07FAE8F7FD;https://l.hayamm.com/product/07FAE8F7FD;https://storage.googleapis.com/static.ququ.shop/img/product/meta-ad-feed/07FAE8F7FD-0.jpg;Emporio Armani;size: one size;Наручные часы;07FAE8F7FD;07FAE8F7FD
93cec783-b721-4479-92b6-58e3efc2f313;Marc Jacobs 20184708;20184708;women;adult;in stock;1;new;1899.00 TJS;1899.00 TJS;https://hayamm.com/women/4485CA6DA7;https://l.hayamm.com/product/4485CA6DA7;https://storage.googleapis.com/static.ququ.shop/img/product/meta-ad-feed/4485CA6DA7-0.jpg;Marc Jacobs;size: one size;Наручные часы;4485CA6DA7;4485CA6DA7
e98cdfd4-c8ff-4247-9345-df3f30c5ece9;Tissot T0581091703600;T0581091703600;women;adult;in stock;1;new;2899.00 TJS;2899.00 TJS;https://hayamm.com/women/57BFC42CAA;https://l.hayamm.com/product/57BFC42CAA;https://storage.googleapis.com/static.ququ.shop/img/product/meta-ad-feed/57BFC42CAA-0.jpg;Tissot;size: one size;Наручные часы;57BFC42CAA;57BFC42CAA
29693ebf-bdf5-48d9-9cc6-9b70c8d74335;Mathey Tissot D810PD1;D810PD1;women;adult;in stock;1;new;2449.00 TJS;2449.00 TJS;https://hayamm.com/women/38B819D07B;https://l.hayamm.com/product/38B819D07B;https://storage.googleapis.com/static.ququ.shop/img/product/meta-ad-feed/38B819D07B-0.jpg;Mathey Tissot;size: one size;Наручные часы;38B819D07B;38B819D07B
0eb2faa7-b146-46ea-8485-581474ba5da9;Calvin Klein CK-63-3-14-0302;CK-63-3-14-0302;women;adult;in stock;1;new;2899.00 TJS;2899.00 TJS;https://hayamm.com/women/6396F8E7EC;https://l.hayamm.com/product/6396F8E7EC;https://storage.googleapis.com/static.ququ.shop/img/product/meta-ad-feed/6396F8E7EC-0.jpg;Calvin Klein;size: one size;Наручные часы;6396F8E7EC;6396F8E7EC
98da770e-4f81-4f26-85f0-71f6860ed136;Marc Jacobs 20179287;20179287;women;adult;in stock;1;new;2449.00 TJS;2449.00 TJS;https://hayamm.com/women/3AE53AD64A;https://l.hayamm.com/product/3AE53AD64A;https://storage.googleapis.com/static.ququ.shop/img/product/meta-ad-feed/3AE53AD64A-0.jpg;Marc Jacobs;size: one size;Наручные часы;3AE53AD64A;3AE53AD64A
d5264745-412c-4863-9022-7fc157e39610;CITIZEN CZEM074-51E;CZEM074-51E;women;adult;in stock;1;new;2449.00 TJS;2449.00 TJS;https://hayamm.com/women/371F47A685;https://l.hayamm.com/product/371F47A685;https://storage.googleapis.com/static.ququ.shop/img/product/meta-ad-feed/371F47A685-0.jpg;CITIZEN;size: one size;Наручные часы;371F47A685;371F47A685
057f1f5e-23b1-4a0c-bc91-7b5589c1ed4f;Movado MV0607586;MV0607586;men;adult;in stock;1;new;6649.00 TJS;6649.00 TJS;https://hayamm.com/men/3647DABD1D;https://l.hayamm.com/product/3647DABD1D;https://storage.googleapis.com/static.ququ.shop/img/product/meta-ad-feed/3647DABD1D-0.jpg;Movado;size: one size;Наручные часы;3647DABD1D;3647DABD1D
3780af0c-5b1e-4ac3-8967-391bceae2494;Movado MB011346444;MB011346444;men;adult;in stock;1;new;4649.00 TJS;4649.00 TJS;https://hayamm.com/men/FCD6BEFFB0;https://l.hayamm.com/product/FCD6BEFFB0;https://storage.googleapis.com/static.ququ.shop/img/product/meta-ad-feed/FCD6BEFFB0-0.jpg;Movado;size: one size;Наручные часы;FCD6BEFFB0;FCD6BEFFB0
9e6e8360-4ef8-4683-a972-ce80f6607f79;Movado MO-07-1-14-1458;MO-07-1-14-1458;men;adult;in stock;1;new;6239.00 TJS;6239.00 TJS;https://hayamm.com/men/65668043A3;https://l.hayamm.com/product/65668043A3;https://storage.googleapis.com/static.ququ.shop/img/product/meta-ad-feed/65668043A3-0.jpg;Movado;size: one size;Наручные часы;65668043A3;65668043A3
0b674c20-4e26-4a83-9028-674efae1b27b;Emporio Armani AR60046;AR60046;men;adult;in stock;1;new;2899.00 TJS;2899.00 TJS;https://hayamm.com/men/EEF0DA2C2B;https://l.hayamm.com/product/EEF0DA2C2B;https://storage.googleapis.com/static.ququ.shop/img/product/meta-ad-feed/EEF0DA2C2B-0.jpg;Emporio Armani;size: one size;Наручные часы;EEF0DA2C2B;EEF0DA2C2B
d59a9fed-369c-4528-a5d1-0b53b01f021f;Fossil FS5447;FS5447;men;adult;in stock;1;new;2649.00 TJS;2649.00 TJS;https://hayamm.com/men/8C8B15A548;https://l.hayamm.com/product/8C8B15A548;https://storage.googleapis.com/static.ququ.shop/img/product/meta-ad-feed/8C8B15A548-0.jpg;Fossil;size: one size;Наручные часы;8C8B15A548;8C8B15A548
c0dc102e-e826-48e2-8b03-80ab8559725e;Seiko SSB417P1;SSB417P1;men;adult;in stock;1;new;3839.00 TJS;3839.00 TJS;https://hayamm.com/men/FFDA53C040;https://l.hayamm.com/product/FFDA53C040;https://storage.googleapis.com/static.ququ.shop/img/product/meta-ad-feed/FFDA53C040-0.jpg;Seiko;size: one size;Наручные часы;FFDA53C040;FFDA53C040
99f645b1-e474-4a0f-af03-a7642261e87a;BULOVA 96B261;96B261;men;adult;in stock;1;new;3349.00 TJS;3349.00 TJS;https://hayamm.com/men/747BA6730F;https://l.hayamm.com/product/747BA6730F;https://storage.googleapis.com/static.ququ.shop/img/product/meta-ad-feed/747BA6730F-0.jpg;BULOVA;size: one size;Наручные часы;747BA6730F;747BA6730F
b4cfa06c-3de1-4f16-a055-001d4060de3d;Michael Kors MK-8784;MK-8784;men;adult;in stock;1;new;2549.00 TJS;2549.00 TJS;https://hayamm.com/men/99F0FA83AA;https://l.hayamm.com/product/99F0FA83AA;https://storage.googleapis.com/static.ququ.shop/img/product/meta-ad-feed/99F0FA83AA-0.jpg;Michael Kors;size: one size;Наручные часы;99F0FA83AA;99F0FA83AA
dcfd9994-3f04-47f3-a3a5-1e19efea5245;Fossil BQ2668;BQ2668;men;adult;in stock;1;new;2899.00 TJS;2899.00 TJS;https://hayamm.com/men/2A979420EA;https://l.hayamm.com/product/2A979420EA;https://storage.googleapis.com/static.ququ.shop/img/product/meta-ad-feed/2A979420EA-0.jpg;Fossil;size: one size;Наручные часы;2A979420EA;2A979420EA
4a021051-50d4-4ec6-aead-0e380644ef21;CITIZEN AG8340-58E;AG8340-58E;men;adult;in stock;1;new;2449.00 TJS;2449.00 TJS;https://hayamm.com/men/36EB8A4FFF;https://l.hayamm.com/product/36EB8A4FFF;https://storage.googleapis.com/static.ququ.shop/img/product/meta-ad-feed/36EB8A4FFF-0.jpg;CITIZEN;size: one size;Наручные часы;36EB8A4FFF;36EB8A4FFF
861b6893-8283-4d02-9a08-e6a056cd03be;Fossil BQ1000;BQ1000;men;adult;in stock;1;new;2449.00 TJS;2449.00 TJS;https://hayamm.com/men/366D237A64;https://l.hayamm.com/product/366D237A64;https://storage.googleapis.com/static.ququ.shop/img/product/meta-ad-feed/366D237A64-0.jpg;Fossil;size: one size;Наручные часы;366D237A64;366D237A64
2f711195-58e8-4c8f-b9ad-4f4b5cb20041;Certina C0224102203100;C0224102203100;men;adult;in stock;1;new;4449.00 TJS;4449.00 TJS;https://hayamm.com/men/899927B356;https://l.hayamm.com/product/899927B356;https://storage.googleapis.com/static.ququ.shop/img/product/meta-ad-feed/899927B356-0.jpg;Certina;size: one size;Наручные часы;899927B356;899927B356
6517a620-3f4a-4bf8-ba9b-c86755ea1387;Michael Kors MK-8909;MK-8909;men;adult;in stock;1;new;2449.00 TJS;2449.00 TJS;https://hayamm.com/men/124DA4C2BC;https://l.hayamm.com/product/124DA4C2BC;https://storage.googleapis.com/static.ququ.shop/img/product/meta-ad-feed/124DA4C2BC-0.jpg;Michael Kors;size: one size;Наручные часы;124DA4C2BC;124DA4C2BC
0ce0047c-ea7f-42ef-8e07-59e8a1430adb;Fossil ME3154;ME3154;men;adult;in stock;1;new;2899.00 TJS;2899.00 TJS;https://hayamm.com/men/40B70E8D32;https://l.hayamm.com/product/40B70E8D32;https://storage.googleapis.com/static.ququ.shop/img/product/meta-ad-feed/40B70E8D32-0.jpg;Fossil;size: one size;Наручные часы;40B70E8D32;40B70E8D32
178eb49f-f229-4e58-ae9a-acd143ede3bf;CITIZEN JB10-S12823;JB10-S12823;men;adult;in stock;1;new;2899.00 TJS;2899.00 TJS;https://hayamm.com/men/EFD6E9B25B;https://l.hayamm.com/product/EFD6E9B25B;https://storage.googleapis.com/static.ququ.shop/img/product/meta-ad-feed/EFD6E9B25B-0.jpg;CITIZEN;size: one size;Наручные часы;EFD6E9B25B;EFD6E9B25B
4bbb78c1-b997-4154-b9fe-e3a3bc82d9d2;CITIZEN CA0426-51E;CA0426-51E;men;adult;in stock;1;new;3349.00 TJS;3349.00 TJS;https://hayamm.com/men/AC9B1C00DD;https://l.hayamm.com/product/AC9B1C00DD;https://storage.googleapis.com/static.ququ.shop/img/product/meta-ad-feed/AC9B1C00DD-0.jpg;CITIZEN;size: one size;Наручные часы;AC9B1C00DD;AC9B1C00DD
bccb741c-7250-4f8c-97f9-8b488a7e0be9;Seiko SSB429P1;SSB429P1;men;adult;in stock;1;new;3349.00 TJS;3349.00 TJS;https://hayamm.com/men/6E409525AF;https://l.hayamm.com/product/6E409525AF;https://storage.googleapis.com/static.ququ.shop/img/product/meta-ad-feed/6E409525AF-0.jpg;Seiko;size: one size;Наручные часы;6E409525AF;6E409525AF
8e95442f-372f-4874-ae2f-137a4046d8f6;Fossil FS6038;FS6038;men;adult;in stock;1;new;2649.00 TJS;2649.00 TJS;https://hayamm.com/men/AD62B586E2;https://l.hayamm.com/product/AD62B586E2;https://storage.googleapis.com/static.ququ.shop/img/product/meta-ad-feed/AD62B586E2-0.jpg;Fossil;size: one size;Наручные часы;AD62B586E2;AD62B586E2
88890cfa-d63b-43cd-bfe2-33f9f151ff91;Fossil Grant FS4735;Мужские часы Fossil FS4735 из коллекции Grant. Водозащита до 50 метров позволит принимать душ или умываться, не снимая часов. Надежное минеральное стекло защищает часы от царапин и долго сохраняет первоначальный внешний вид. Минеральное стекло более устойчиво к появлению небольших царапин и потертостей, хорошо может выдержать небольшие удары и падения. Даже если поцарапаете стекло, его легко можно отполировать в часовой мастерской и вернуть им прежний вид. Корпус часов изготовлен из стали, механизм — кварц. Кварцевые часы всегда точнее механических. В среднем, погрешность хода составляет 20 секунд в месяц. Кварцевые часы не нужно заводить, только менять батарейку раз в несколько лет.;men;adult;in stock;1;new;2679.00 TJS;2679.00 TJS;https://hayamm.com/men/5EDFA38D18;https://l.hayamm.com/product/5EDFA38D18;https://storage.googleapis.com/static.ququ.shop/img/product/meta-ad-feed/5EDFA38D18-0.jpg;Fossil;size: one size;Наручные часы;5EDFA38D18;5EDFA38D18
b523df88-aa56-42f1-ad03-f939124a425c;Emporio Armani AR1970;Идеальный подарок для праздника - модные наручные часы Emporio Armani. Этот итальянский бренд известен своим статусом и классическим дизайном, который никогда не выходит из моды. Часы Emporio Armani изготовлены из высококачественной нержавеющей стали, что придает им прочность и долговечность. Круглый корпус с минеральным стеклом и водонепроницаемым корпусом с защитой от влаги делают эти часы надежными и функциональными. Внимание к деталям - это то, что отличает часы Emporio Armani от других брендов. Сбалансированный дизайн и японский кварцевый механизм гарантируют точность хода и надежную работу часов. Высокое качество и европейское происхождение делают часы Emporio Armani премиум-аксессуаром.;men;adult;in stock;1;new;3499.00 TJS;3499.00 TJS;https://hayamm.com/men/3A466E12ED;https://l.hayamm.com/product/3A466E12ED;https://storage.googleapis.com/static.ququ.shop/img/product/meta-ad-feed/3A466E12ED-0.jpg;Emporio Armani;size: one size;Наручные часы;3A466E12ED;3A466E12ED
9b76449b-cf1d-4601-9fa6-cd382500c4f0;Emporio Armani AR11181;Часы с кварцевым механизмом выполнены из нержавеющей стали, минеральное стекло устойчиво к механическим повреждениям. Особенности: 12-ти часовой формат отображения времени, 3 стрелки, риски вместо цифр, календарь даты, стальной браслет с раскладывающейся застежкой, водозащита 50 WR.;men;adult;in stock;1;new;3349.00 TJS;3349.00 TJS;https://hayamm.com/men/0BEA70F1B5;https://l.hayamm.com/product/0BEA70F1B5;https://storage.googleapis.com/static.ququ.shop/img/product/meta-ad-feed/0BEA70F1B5-0.jpg;Emporio Armani;size: one size;Наручные часы;0BEA70F1B5;0BEA70F1B5
b5116fe0-d410-40d3-8455-9d04e3fe3193;Fossil Machine FS4656;Повседневная модель Fossil FS4656. Это мужские часы из коллекции Machine. Водозащита до 50 метров позволит принимать душ или умываться, не снимая часов. Надежное минеральное стекло защищает часы от царапин и долго сохраняет первоначальный внешний вид. Минеральное стекло более устойчиво к появлению небольших царапин и потертостей, хорошо может выдержать небольшие удары и падения. Даже если поцарапаете стекло, его легко можно отполировать в часовой мастерской и вернуть им прежний вид. Корпус часов изготовлен из стали, механизм — кварц. Кварцевые часы всегда точнее механических. В среднем, погрешность хода составляет 20 секунд в месяц. Кварцевые часы не нужно заводить, только менять батарейку раз в несколько лет.;men;adult;in stock;1;new;2579.00 TJS;2579.00 TJS;https://hayamm.com/men/0D80939BD7;https://l.hayamm.com/product/0D80939BD7;https://storage.googleapis.com/static.ququ.shop/img/product/meta-ad-feed/0D80939BD7-0.jpg;Fossil;size: one size;Наручные часы;0D80939BD7;0D80939BD7
dfc88bb1-74ea-4760-b3cd-e244f23dedc6;BULOVA Sutton 96B402;Неподвластный времени дизайн и современная функциональность отличают этот новый мужской хронограф Bulova с 6 стрелками из коллекции Sutton. Изысканный серебристый корпус из нержавеющей стали, обработанный щеткой и полировкой, оснащен кнопками хронографа в классическом стиле и куполообразным минеральным стеклом. Привлекательный синий циферблат украшен нанесенными часовыми метками на круглой рифленой дорожке, люминесцентными часовой и минутной стрелками, а также индикацией даты. Хронограф может отсчитывать время до 12 часов с точностью до секунды. Идеально сочетается с коричневым ремешком из кожи крокодила и раскладывающейся застежкой из нержавеющей стали серебристого оттенка в тон. Эти новые мужские часы Bulova из коллекции Sutton позволят вам выглядеть наилучшим образом для любого случая.;men;adult;in stock;1;new;3349.00 TJS;3349.00 TJS;https://hayamm.com/men/CA1835382A;https://l.hayamm.com/product/CA1835382A;https://storage.googleapis.com/static.ququ.shop/img/product/meta-ad-feed/CA1835382A-0.jpg;BULOVA;size: one size;Наручные часы;CA1835382A;CA1835382A
719e7762-4995-46ef-a509-9e0385c447e6;BULOVA 96B403;Неподвластный времени дизайн и современная функциональность отличают этот новый мужской хронограф Bulova с 6 стрелками из коллекции Sutton. Изысканный серебристый корпус из нержавеющей стали, обработанный щеткой и полировкой, оснащен кнопками хронографа в классическом стиле и куполообразным минеральным стеклом. Элегантный черный циферблат украшен нанесенными часовыми метками на круглой рифленой дорожке, люминесцентными часовой и минутной стрелками, а также индикатором даты. Хронограф может отсчитывать время до 12 часов с точностью до секунды. Идеально сочетается с черным ремешком из кожи крокодила и раскладывающейся застежкой из нержавеющей стали серебристого оттенка в тон. Эти новые мужские часы Bulova из коллекции Sutton позволят вам выглядеть наилучшим образом для любого случая.;men;adult;in stock;1;new;3349.00 TJS;3349.00 TJS;https://hayamm.com/men/46C68C32E3;https://l.hayamm.com/product/46C68C32E3;https://storage.googleapis.com/static.ququ.shop/img/product/meta-ad-feed/46C68C32E3-0.jpg;BULOVA;size: one size;Наручные часы;46C68C32E3;46C68C32E3
f47d9e87-013e-4098-a750-db8ea3085edd;Fossil BQ2791;42-миллиметровые часы Easton с черным текстурированным циферблатом, механизмом с тремя стрелками и черным кожаным ремешком.;men;adult;in stock;1;new;2459.00 TJS;2459.00 TJS;https://hayamm.com/men/A8471AB19D;https://l.hayamm.com/product/A8471AB19D;https://storage.googleapis.com/static.ququ.shop/img/product/meta-ad-feed/A8471AB19D-0.jpg;Fossil;size: one size;Наручные часы;A8471AB19D;A8471AB19D
c923f18d-bb9f-4180-a8e9-bbcde41fcacc;Bonna Блюдце Grain;Блюдце Grain;unisex;adult;in stock;22;new;63.00 TJS;63.00 TJS;https://hayamm.com/unisex/410CAEE33C;https://l.hayamm.com/product/410CAEE33C;https://storage.googleapis.com/static.ququ.shop/img/product/meta-ad-feed/410CAEE33C-0.jpg;Bonna;size: one size;Блюдца;410CAEE33C;410CAEE33C
1fcd5a55-a2d1-4b0d-a70b-d580fe950c9c;Bonna Чашка чайная Grain 230мл;Объём: 0,23л. Коллекция фарфора Bonna выполнена из профессионального твердого фарфора теплого сливочного оттенка. На изделях вручную нанесен декор в виде кофейной крошки. Нанесение декора делается под глазурь, в следствие чего, все изделия можно мыть в посудомоечной машине. Фарфор Bonna отличается своей прочностью, устойчивостью к сколам и механическим воздействиям, что делает его идеальным для профессионального использования. Материал: фарфор.;unisex;adult;in stock;22;new;84.00 TJS;84.00 TJS;https://hayamm.com/unisex/FE75E026B6;https://l.hayamm.com/product/FE75E026B6;https://storage.googleapis.com/static.ququ.shop/img/product/meta-ad-feed/FE75E026B6-0.jpg;Bonna;size: one size;Чашки;FE75E026B6;FE75E026B6
ef6c5b66-8be7-4279-a80e-851b1128da56;Bonna Тарелка 21см;Тарелка 21см;unisex;adult;in stock;24;new;49.00 TJS;49.00 TJS;https://hayamm.com/unisex/DE2D0D9445;https://l.hayamm.com/product/DE2D0D9445;https://storage.googleapis.com/static.ququ.shop/img/product/meta-ad-feed/DE2D0D9445-0.jpg;Bonna;size: one size;Тарелки;DE2D0D9445;DE2D0D9445
c8828667-df6d-43bc-a53b-8579595e028a;Bonna Тарелка 27см;Тарелка 27см;unisex;adult;in stock;24;new;131.00 TJS;131.00 TJS;https://hayamm.com/unisex/A2040887AE;https://l.hayamm.com/product/A2040887AE;https://storage.googleapis.com/static.ququ.shop/img/product/meta-ad-feed/A2040887AE-0.jpg;Bonna;size: one size;Тарелки;A2040887AE;A2040887AE
9677d277-13c2-493f-9a69-79f2273f4747;Bonna Тарелка плоская Iris 25см;Тарелка плоская Iris 25см;unisex;adult;in stock;12;new;114.00 TJS;114.00 TJS;https://hayamm.com/unisex/F3D65A917E;https://l.hayamm.com/product/F3D65A917E;https://storage.googleapis.com/static.ququ.shop/img/product/meta-ad-feed/F3D65A917E-0.jpg;Bonna;size: one size;Тарелки;F3D65A917E;F3D65A917E
a8f11431-46ee-474e-bd3a-05e44e1a0e77;Bonna Блюдце Iris 16см;Блюдце Iris 16см;unisex;adult;in stock;12;new;40.00 TJS;40.00 TJS;https://hayamm.com/unisex/0FE9A286AF;https://l.hayamm.com/product/0FE9A286AF;https://storage.googleapis.com/static.ququ.shop/img/product/meta-ad-feed/0FE9A286AF-0.jpg;Bonna;size: one size;Блюдца;0FE9A286AF;0FE9A286AF
f0453638-4cf9-4d2f-a3e4-ce110156cee8;Bonna Тарелка плоская Iris 23см;Тарелка плоская Iris 23см;unisex;adult;in stock;8;new;44.00 TJS;44.00 TJS;https://hayamm.com/unisex/DE2B26D9F4;https://l.hayamm.com/product/DE2B26D9F4;https://storage.googleapis.com/static.ququ.shop/img/product/meta-ad-feed/DE2B26D9F4-0.jpg;Bonna;size: one size;Тарелки;DE2B26D9F4;DE2B26D9F4
4e46b339-1ba6-452a-ae91-80bc4fdf877d;Bonna Тарелка плоская Iris 30см;Тарелка плоская Iris 30см;unisex;adult;in stock;12;new;100.00 TJS;100.00 TJS;https://hayamm.com/unisex/CD7D3ABE7D;https://l.hayamm.com/product/CD7D3ABE7D;https://storage.googleapis.com/static.ququ.shop/img/product/meta-ad-feed/CD7D3ABE7D-0.jpg;Bonna;size: one size;Тарелки;CD7D3ABE7D;CD7D3ABE7D
8934fcf3-8c1b-4396-8cd5-a60ed38bbd90;Bonna Блюдце 19см;Блюдце 19см;unisex;adult;in stock;24;new;52.00 TJS;52.00 TJS;https://hayamm.com/unisex/62750D6560;https://l.hayamm.com/product/62750D6560;https://storage.googleapis.com/static.ququ.shop/img/product/meta-ad-feed/62750D6560-0.jpg;Bonna;size: one size;Блюдца;62750D6560;62750D6560
8efb7ef1-c474-457d-b1bd-e85ef7007d1d;Bonna Тарелка глубокая 23см;Тарелка глубокая 23см;unisex;adult;in stock;24;new;113.00 TJS;113.00 TJS;https://hayamm.com/unisex/E55F165109;https://l.hayamm.com/product/E55F165109;https://storage.googleapis.com/static.ququ.shop/img/product/meta-ad-feed/E55F165109-0.jpg;Bonna;size: one size;Тарелки;E55F165109;E55F165109
6c817145-65c2-4b86-9191-f0933f943742;Bonna Тарелка 23см;Тарелка 23см;unisex;adult;in stock;24;new;56.00 TJS;56.00 TJS;https://hayamm.com/unisex/D5099E6C45;https://l.hayamm.com/product/D5099E6C45;https://storage.googleapis.com/static.ququ.shop/img/product/meta-ad-feed/D5099E6C45-0.jpg;Bonna;size: one size;Тарелки;D5099E6C45;D5099E6C45
0001ea21-1ba8-498d-bee1-3a3dae66dcc5;Bonna Чашка Aura Dusk 250мл;Чашка Aura Dusk 250мл;unisex;adult;in stock;6;new;100.00 TJS;100.00 TJS;https://hayamm.com/unisex/FF40811143;https://l.hayamm.com/product/FF40811143;https://storage.googleapis.com/static.ququ.shop/img/product/meta-ad-feed/FF40811143-0.jpg;Bonna;size: one size;Чашки;FF40811143;FF40811143
7bba7357-12d6-477b-9519-c8c972d6208c;Bonna Тарелка плоская Aura Dusk 19см;Тарелка плоская Aura Dusk 19см;unisex;adult;in stock;12;new;78.00 TJS;78.00 TJS;https://hayamm.com/unisex/213FA84C98;https://l.hayamm.com/product/213FA84C98;https://storage.googleapis.com/static.ququ.shop/img/product/meta-ad-feed/213FA84C98-0.jpg;Bonna;size: one size;Тарелки;213FA84C98;213FA84C98
167077f5-6eca-4d59-8c24-00141db8aa44;Bonna Чашка чайная 230мл;Чашка чайная 230мл;unisex;adult;in stock;72;new;70.00 TJS;70.00 TJS;https://hayamm.com/unisex/0DC4C41A96;https://l.hayamm.com/product/0DC4C41A96;https://storage.googleapis.com/static.ququ.shop/img/product/meta-ad-feed/0DC4C41A96-0.jpg;Bonna;size: one size;Чашки;0DC4C41A96;0DC4C41A96
7cdce80f-4360-4bb5-89ee-cc55c6c6d7f3;Bonna Блюдце 16см;Блюдце 16см;unisex;adult;in stock;12;new;99.00 TJS;99.00 TJS;https://hayamm.com/unisex/0D40349C48;https://l.hayamm.com/product/0D40349C48;https://storage.googleapis.com/static.ququ.shop/img/product/meta-ad-feed/0D40349C48-0.jpg;Bonna;size: one size;Блюдца;0D40349C48;0D40349C48
0225d48e-c6a7-49d4-b25b-93a75e6b5cf6;Bonna Салатник Sand Snell 16см;Салатник Sand Snell 16см;unisex;adult;in stock;12;new;121.00 TJS;121.00 TJS;https://hayamm.com/unisex/D1F3C54FA5;https://l.hayamm.com/product/D1F3C54FA5;https://storage.googleapis.com/static.ququ.shop/img/product/meta-ad-feed/D1F3C54FA5-0.jpg;Bonna;size: one size;Салатники;D1F3C54FA5;D1F3C54FA5
5e97991b-1d40-4214-bbc5-4acc3b95ff3b;Bonna Тарелка глубокая Sand Snell 23см;Тарелка глубокая Sand Snell 23см;unisex;adult;in stock;12;new;219.00 TJS;219.00 TJS;https://hayamm.com/unisex/1AF00263D5;https://l.hayamm.com/product/1AF00263D5;https://storage.googleapis.com/static.ququ.shop/img/product/meta-ad-feed/1AF00263D5-0.jpg;Bonna;size: one size;Тарелки;1AF00263D5;1AF00263D5
329f6bde-0795-497c-98e0-7c55b6ea4bcb;Bonna Тарелка Sand Snell 21см;Тарелка Sand Snell 21см;unisex;adult;in stock;12;new;115.00 TJS;115.00 TJS;https://hayamm.com/unisex/BB4216FC39;https://l.hayamm.com/product/BB4216FC39;https://storage.googleapis.com/static.ququ.shop/img/product/meta-ad-feed/BB4216FC39-0.jpg;Bonna;size: one size;Тарелки;BB4216FC39;BB4216FC39
2769c143-1626-411c-afb2-466255d59493;Bonna Тарелка Sand Snell 30см;Тарелка Sand Snell 30см;unisex;adult;in stock;12;new;270.00 TJS;270.00 TJS;https://hayamm.com/unisex/C916F9817D;https://l.hayamm.com/product/C916F9817D;https://storage.googleapis.com/static.ququ.shop/img/product/meta-ad-feed/C916F9817D-0.jpg;Bonna;size: one size;Тарелки;C916F9817D;C916F9817D
c75c411b-cb46-4570-9062-bd367d90c8dd;DeLonghi Фритюрница FH-2394;"Фритюрница Delonghi FH2394.BK позволяет готовить различные продукты во фритюре – картофель, мясо, закуски, выпечку. Данная модель характеризуется вместительной чашей с антипригарным керамическим покрытием и 4 режимами температуры с плавной регулировкой. Посредством электронного таймера можно устанавливать определенное время приготовления, а по завершению заданного времени прибор отключается автоматически. С помощью смотрового окна можно визуально контролировать степень готовности. Ножки на основании корпуса Delonghi FH2394.BK из нескользящего материала гарантируют устойчивое размещение прибора.

Характеристики

Основной цвет: черный
Материал корпуса: пластик
Нагревательный элемент: открытый
Съемная чаша: есть
Плавная регулировка температуры: есть
Таймер: есть";unisex;adult;in stock;2;new;3800.00 TJS;3800.00 TJS;https://hayamm.com/unisex/B65C27B6C7;https://l.hayamm.com/product/B65C27B6C7;https://storage.googleapis.com/static.ququ.shop/img/product/meta-ad-feed/B65C27B6C7-0.jpg;DeLonghi;size: one size;Фритюрницы;B65C27B6C7;B65C27B6C7
94e748d6-1eeb-4358-b810-9ca6121f7064;Bosch Мясорубка MFN-67450;Мясорубка MFN-67450;unisex;adult;in stock;2;new;3670.00 TJS;3670.00 TJS;https://hayamm.com/unisex/9E0F2B6B11;https://l.hayamm.com/product/9E0F2B6B11;https://storage.googleapis.com/static.ququ.shop/img/product/meta-ad-feed/9E0F2B6B11-0.jpg;Bosch;size: one size;Мясорубки;9E0F2B6B11;9E0F2B6B11
c4d87ebd-5753-4440-b55c-153fd03895a7;Bosch Блендер MSM-26230;"Блендер Bosch MSM 26230 в черном цвете сочетает в себе стиль и функциональность. В комплекте прилагается дополнительная погружная насадка из пластика для маленьких порций или соусов.

Характеристики

Тип блендера: погружной
Серия: CleverMixx
Цвет: Черный
Материал корпуса: пластик
Материал погружной части: нержавеющая сталь
Измельчитель: есть
Материал чаши измельчителя / кувшина: пластик
Нож блендера: с 4 лезвиями QuattroBlade";unisex;adult;in stock;4;new;990.00 TJS;990.00 TJS;https://hayamm.com/unisex/91557DEBD5;https://l.hayamm.com/product/91557DEBD5;https://storage.googleapis.com/static.ququ.shop/img/product/meta-ad-feed/91557DEBD5-0.jpg;Bosch;size: one size;Миксеры, блендеры;91557DEBD5;91557DEBD5
e1c20602-ccba-42c0-ad7e-f7f4fe360db6;Philips Блендер ручной HR-2531;"Ваше идеальное меню одним нажатием кнопки
Нежные супы-пюре, воздушные соусы, однородные коктейли и смузи - все это возможно с блендерами Philips. Подберите подходящий вам стационарный или погружной блендер, исходя из ваших индивидуальных потребностей. И создавайте разнообразные блюда, которые оценят ваши близкие!
";unisex;adult;in stock;1;new;575.00 TJS;575.00 TJS;https://hayamm.com/unisex/728168E519;https://l.hayamm.com/product/728168E519;https://storage.googleapis.com/static.ququ.shop/img/product/meta-ad-feed/728168E519-0.jpg;Philips;size: one size;Миксеры, блендеры;728168E519;728168E519
ac263c1e-ba92-4e7a-81b6-0f5003a0d326;Philips Эпилятор BRE-225;"Satinelle Essential
Компактный эпилятор с питанием от сети

Простая эпиляция
Эпилятор Philips Satinelle сделает кожу ваших ног идеально гладкой надолго. Он бережно удаляет с корнем волоски длиной от 0,5 мм. Прибор оснащен эргономичной ручкой и головкой, которую можно промывать водой для гигиеничного использования

Характеристики:

Система эпиляции: Эпилирующие диски для бережной эпиляции
Щеточка для чистки: Да
Напряжение: 15 В
Режимы: 2 режима скорости
";unisex;adult;in stock;2;new;470.00 TJS;470.00 TJS;https://hayamm.com/unisex/C392A6A168;https://l.hayamm.com/product/C392A6A168;https://storage.googleapis.com/static.ququ.shop/img/product/meta-ad-feed/C392A6A168-0.jpg;Philips;size: one size;Триммеры, эпиляторы;C392A6A168;C392A6A168
48764feb-202a-454c-a9d5-4bc1fedd4e2a;Philips Тостер HD-2637;"Характеристики

Цвет товара: черный
Мощность: 1050 Вт
Количество отделений: 2
Количество тостов: 2
Тип управления: механическое
Дополнительная информация: 7 степеней обжаривания; экстра-подъем тостов
";unisex;adult;in stock;2;new;865.00 TJS;865.00 TJS;https://hayamm.com/unisex/C9F517C8BE;https://l.hayamm.com/product/C9F517C8BE;https://storage.googleapis.com/static.ququ.shop/img/product/meta-ad-feed/C9F517C8BE-0.jpg;Philips;size: one size;Тостеры;C9F517C8BE;C9F517C8BE
6a513cb3-7a53-488f-938a-b50683c951ab;Philips Блендер HR-2228;Блендер HR-2228;unisex;adult;in stock;2;new;1380.00 TJS;1380.00 TJS;https://hayamm.com/unisex/44DC7CF33C;https://l.hayamm.com/product/44DC7CF33C;https://storage.googleapis.com/static.ququ.shop/img/product/meta-ad-feed/44DC7CF33C-0.jpg;Philips;size: one size;Миксеры, блендеры;44DC7CF33C;44DC7CF33C
372a7467-8539-4e76-bee5-2aeef6264c67;Philips Фен для волос BHD-360;"Мощная сушка волос при меньшей температуре
Насадка ThermoProtect с уникальной конструкцией смешивает теплый и холодный воздух для бережной сушки волос.

Характеристики

Насадка-концентратор: 14 мм
Насадка: ThermoProtect
Насадка-диффузор для придания объема: Да
Длина шнура: 1,8м
Напряжение: 220—240В
Мощность: 2100 Вт
Режимы температуры/скорости: 6
Настройки: Режим холодного обдува
";unisex;adult;in stock;2;new;670.00 TJS;670.00 TJS;https://hayamm.com/unisex/763560500E;https://l.hayamm.com/product/763560500E;https://storage.googleapis.com/static.ququ.shop/img/product/meta-ad-feed/763560500E-0.jpg;Philips;size: one size;Фены для волос;763560500E;763560500E
519aeb36-ed84-4db9-b20c-e4983bd591e4;Philips Электрический чайник HD-9339;"Стеклянный чайник - легкий, 1,7 л

Современный и долговечный
Стеклянный чайник объемом 1,7 л отличается современным дизайном и оснащен удобным синим индикатором включения в основании чайника.

Характеристики

Основной материал: Стекло
Емкость резервуара для воды: 1,7 л
Мощность: 1850–2200 Вт
Напряжение: 220—240 В
Частота: 50–60 Гц
Аккумулятор: Нет
";unisex;adult;in stock;1;new;990.00 TJS;990.00 TJS;https://hayamm.com/unisex/659A424121;https://l.hayamm.com/product/659A424121;https://storage.googleapis.com/static.ququ.shop/img/product/meta-ad-feed/659A424121-0.jpg;Philips;size: one size;Электрические чайники;659A424121;659A424121
42c503f8-a759-43ca-bfbd-661b95be3235;Philips Утюг DST-5040;"Создан для работы, день за днем

Чтобы результаты глажения радовали вас день за днем, необходим надежный утюг. Этот высококачественный утюг с подошвой SteamGlide Plus, защищенной от царапин, и встроенной функцией очистки от накипи обеспечивает стабильную мощную подачу пара и долговечность.

Характеристики

Объем резервуара для воды: 320ml
Название подошвы: SteamGlide Plus
Возможность использования водопроводной воды: Да
Система ""капля-стоп"": Да
Устойчивое вертикальное положение: Да
Большое отверстие для залива воды: Да
Мощность: 2600W
Паровой удар: 200g
Постоянная подача пара: 45g/min
Распыление воды: Да
";unisex;adult;in stock;3;new;1020.00 TJS;1020.00 TJS;https://hayamm.com/unisex/5D1F2E1634;https://l.hayamm.com/product/5D1F2E1634;https://storage.googleapis.com/static.ququ.shop/img/product/meta-ad-feed/5D1F2E1634-0.jpg;Philips;size: one size;Утюги;5D1F2E1634;5D1F2E1634
b6d73715-d4b0-4648-8411-d3a42b00c8db;Philips Выпрямитель волос BHS-378;"StraightCare Essential
Выпрямитель ThermoProtect

Точные настройки и система ионизации: гладкие и блестящие волосы

Создавайте укладку легко и быстро благодаря длинным пластинам с кератиновым покрытием, а также 6 температурным режимам. Заботьтесь о своих волосах с технологией ThermoProtect, предотвращающей перегревание, и обеспечивайте блеск волос с помощью системы ионизации.

Характеристики

Длина шнура: 1,8м
Напряжение: 110-240В
Время нагрева: 30 сек.
Тип регулировки температуры: Ползунок с LED-индикатором
Длинные пластины: 28x100 мм
Температурный диапазон: 160–230 °C
Шнур на шарнире: Да
Индикатор готовности к использованию: Да
Материал пластин: Керамические пластины с кератиновым покрытием
Петелька для подвешивания: Да
Блокировка пластин: Да
";unisex;adult;in stock;5;new;610.00 TJS;610.00 TJS;https://hayamm.com/unisex/C8DC89EFA6;https://l.hayamm.com/product/C8DC89EFA6;https://storage.googleapis.com/static.ququ.shop/img/product/meta-ad-feed/C8DC89EFA6-0.jpg;Philips;size: one size;Выпрямители для волос;C8DC89EFA6;C8DC89EFA6
23217836-3acc-4a76-817a-02b2b7aedc1b;Philips Электрический чайник HD-9350;"Daily Collection

Прослужит долго
Прочный чайник выполнен из безопасной пищевой нержавеющей стали и разработан специально для ежедневного использования в течение длительного времени. Компания Philips создала этот стильный и качественный чайник благодаря 60-летнему опыту в сфере предоставления надежных решений.

Характеристики

Напряжение: 220–240  V
Мощность: 1850–2200  W
Длина шнура: 0,75  m
Емкость: 1,7L
";unisex;adult;in stock;4;new;670.00 TJS;670.00 TJS;https://hayamm.com/unisex/1A5AD30A04;https://l.hayamm.com/product/1A5AD30A04;https://storage.googleapis.com/static.ququ.shop/img/product/meta-ad-feed/1A5AD30A04-0.jpg;Philips;size: one size;Электрические чайники;1A5AD30A04;1A5AD30A04
a71f0492-c34e-4cbe-aec7-09657cfd0732;Philips Кухонный комбайн HR-7778;"Рубите, нарезайте, шинкуйте, замешивайте, взбивайте и смешивайте

Кухонный комбайн Philips серии 7000 — это универсальное решение для вашей кухни. Благодаря новой инновационной металлической насадке-крюку для теста, мощному мотору 1300 Вт и запрограммированной кнопке замешивания теста одним нажатием выпекать хлеб стало просто, как никогда. поможет в приготовлении вкусных воздушных кексов и другой выпечки для всей семьи. Благодаря конической насадке достигается более нежная и воздушная консистенция, а также обеспечивается быстрое смешивание. Мощный мотор 450 Вт позволяет легко замешивать даже самое густое тесто.

Характеристики

Основной материал: Пластик
Дополнительный материал: Металл
Функции: Смешивание, измельчение, шинкование, замешивание теста, эмульсирование, соковыжималка для цитрусовых
Количество порций: 8
Нескользящие ножки: Да
Интерфейс: Поворотный регулятор, 3 кнопки с предустановками
Длина шнура: 1m
Технология: PowerChop
";unisex;adult;in stock;2;new;4400.00 TJS;4400.00 TJS;https://hayamm.com/unisex/52381B0BB2;https://l.hayamm.com/product/52381B0BB2;https://storage.googleapis.com/static.ququ.shop/img/product/meta-ad-feed/52381B0BB2-0.jpg;Philips;size: one size;Комбайны;52381B0BB2;52381B0BB2
5a5a31b4-1607-4b13-9086-bb80d3da53ad;Philips Блендер HR-2056;"
Характеристики

Тип блендера: стационарный
Мощность: 350 Вт
Управление: механическое
Режимы: импульсный
Дополнительные функции: колка льда
Насадки: мельничка
Емкость кувшина: 1 л
Особенности конструкции: нескользящие ножки, отверстие для ингредиентов, отсек для шнура
Материал чаши: пластик
";unisex;adult;in stock;2;new;540.00 TJS;540.00 TJS;https://hayamm.com/unisex/5538FD9D35;https://l.hayamm.com/product/5538FD9D35;https://storage.googleapis.com/static.ququ.shop/img/product/meta-ad-feed/5538FD9D35-0.jpg;Philips;size: one size;Миксеры, блендеры;5538FD9D35;5538FD9D35
6f5ddee6-3a3f-40bb-9d80-4f4519a3daa7;Philips Отпариватель GC-486;"На 20 % более мощный* с постоянной подачей пара 35 г/мин
Отпариватель EasyTouch на 20 % мощнее* предыдущих моделей благодаря мощной постоянной подаче пара 35 г/мин, обеспечивающей избавление от складок всего за несколько движений

3 режима подачи пара для различных тканей
Выберите нужный режим подачи пара для оптимального результата при обработке конкретного вида ткани: устанавливайте менее интенсивную подачу пара для тонких тканей, и более мощную — для плотных тканей.

Резервуар для воды 1,4 л с отверстием на 80 % больше*
Большой съемный резервуар для воды 1,4 л имеет отверстие на 80 % больше*, чем у моделей предыдущего поколения, что обеспечивает простое наполнение и очистку резервуара.

Характеристики:

Объем резервуара для воды: 1400  ml
Съемный резервуар для воды: Да
Долив воды в любой момент использования: Да
Длина сетевого шнура: 1,8  m
Вешалка для одежды: Да
Рукавица для дополнительной защиты: Да
Регулируемая стационарная вешалка: Да
";unisex;adult;in stock;2;new;1600.00 TJS;1600.00 TJS;https://hayamm.com/unisex/1E0DDD8977;https://l.hayamm.com/product/1E0DDD8977;https://storage.googleapis.com/static.ququ.shop/img/product/meta-ad-feed/1E0DDD8977-0.jpg;Philips;size: one size;Отпариватели;1E0DDD8977;1E0DDD8977
5c322a2a-a368-4d15-b9d2-8602f9bedda3;Philips Кофемашина EP-3246;"Множество горячих напитков у вас под рукой!
Наслаждайтесь 5 видами напитков, согревающим эспрессо и американо или нежным латте макиато и капучино. Наша система приготовления кофе разработана так, чтобы уровень качества ваших напитков каждый день радовал вас не меньше, чем у профессионального бариста в вашей любимой кофейне.

Получите нежную молочную пенку с системой LatteGo 🥛
Благодаря запатентованной технологии взбивания LatteGo вы получите мягкую молочную пенку одним нажатием кнопки. Система готовит отличную пенку с любым видом молока, включая растительные альтернативы.

Более яркий аромат с 100% керамическими жерновами
Наши долговечные керамические жернова раскрывают весь аромат кофейных зерен. Они настраиваются в 12 различных степеней от тонкого порошка до крупных частиц.

Идеальная температура, аромат и крема в каждой чашке ☕️
Система Aroma Extract поддерживает температуру воды между 90°C и 98°C, регулируя скорость потока воды для идеального баланса между температурой и ароматом.

Комплектация
Содержимое коробки Philips LatteGo EP3246:

- Philips LatteGo Эспрессо-Машина: Основное устройство для приготовления кофе ☕️.
- Контейнер для кофейных зерен: Контейнер для хранения кофейных зерен для помола 🌟.
- Резервуар для воды: Съемный бак для заполнения водой 💧.
- ЛаттеГо молочный вспениватель: Съемное устройство для вспенивания молока для латте и капучино 🥛.
- Фильтр для воды AquaClean, тюбик со смазкой, мерная ложка, тестовая полоска для проверки жесткости воды

";unisex;adult;in stock;1;new;15000.00 TJS;15000.00 TJS;https://hayamm.com/unisex/D9E18AB08D;https://l.hayamm.com/product/D9E18AB08D;https://storage.googleapis.com/static.ququ.shop/img/product/meta-ad-feed/D9E18AB08D-0.jpg;Philips;size: one size;Кофемашины;D9E18AB08D;D9E18AB08D
2471d0ac-4152-476a-bdad-ccbfe3d0dcf2;Philips Электрический чайник HD-9318;"Электрочайник Philips HD9318/20 − это функциональный прибор, обладающий стильным дизайном и элементами, которые обеспечивают его комфортную эксплуатацию. Мощность прибора достигает 2200 Вт, что позволяет ему за считанные минуты доводить воду до состояния кипения. На одной из сторон корпуса предусмотрена шкала уровня воды, нанесенная на прозрачное вертикальное окошко. Дополнительно на шкале присутствует указание количества чашек, для приготовления которых будет достаточно воды, содержащейся в чайнике. Объем внутренней колбы соответствует 1.7 л.
Конструкция Philips HD9318/20 предполагает закрытый элемент нагрева, что позволило производителю сделать плоское дно, защитив элемент от контакта с водой и образования накипи. Чайник представлен в черном пластиковом корпусе с удобным носиком. Гибкий нейлоновый фильтр, помещенный в носик, защищает от попадания накипи в чашку. Фильтр легко вынимается для очистки от скопления частиц накипи. От выкипания воды устройство защищает автоматическое отключение после закипания воды.

Характеристики

Объем: 1.7 л
Мощность: 2200 Вт
Материал корпуса: пластик
Длина сетевого шнура: 0.75 м
";unisex;adult;in stock;5;new;510.00 TJS;510.00 TJS;https://hayamm.com/unisex/A048853020;https://l.hayamm.com/product/A048853020;https://storage.googleapis.com/static.ququ.shop/img/product/meta-ad-feed/A048853020-0.jpg;Philips;size: one size;Электрические чайники;A048853020;A048853020
6cf1d47a-29ae-49a7-a9c2-51f696a0dc63;Philips Триммер MG-5730;"Высокая точность и превосходный стайлинг

Создайте неповторимый образ, используя этот универсальный триммер с 11 насадками для стрижки волос на голове, лице и теле. Лезвия DualCut гарантируют максимальную точность, а благодаря нескользящей прорезиненной ручке триммер удобно перемещать и легко держать в руке.

Характеристики:

Насадки для стайлинга: Металлический триммер, триммер для создания контура высокоточная бритва, триммер для носа и ушей, регулируемый гребень для бороды 3–7 мм, 2 гребня для щетины, 3 гребня для волос, 1 гребень для тела
Режущая система: Технология DualCut
Время работы: до 80 минут
";unisex;adult;in stock;2;new;880.00 TJS;880.00 TJS;https://hayamm.com/unisex/4A4C0998B2;https://l.hayamm.com/product/4A4C0998B2;https://storage.googleapis.com/static.ququ.shop/img/product/meta-ad-feed/4A4C0998B2-0.jpg;Philips;size: one size;Триммеры, эпиляторы;4A4C0998B2;4A4C0998B2
09aaccba-0111-4a8f-b0cb-9cb085106003;Philips Мясорубка HR-2714;"Мясорубка Philips HR2714/30 порадует своего обладателя системой защиты двигателя от перегрузки, которая вовремя приостановит ее работу, тем самым исключив риск внезапного выхода из строя. Эта домашняя помощница может похвастаться высокой производительностью, ведь за 1 минуту ей под силу измельчить до однородной консистенции не менее 1.7 кг мяса.
Модель Philips HR2714/30 хороша и тем, что с ее помощью вы без труда сможете натереть различные овощи, а также приготовить домашние аппетитные колбаски – для этого достаточно воспользоваться соответствующими насадками. Еще одно достоинство прибора – он позволит вам ежедневно наслаждаться витаминным свежевыжатым соком. На корпусе мясорубки предусмотрена прочная ручка для ее удобной транспортировки в необходимое место.

Характеристики

Материал корпуса: пластик
Материал лотка: пластик
Насадка для кеббе: да
Насадка-соковыжималка: шнековая
Комплектация: Загрузочный лоток, насадка-соковыжималка, насадка для кеббе, насадка для колбас х 2 шт., толкатель х 2 шт.
";unisex;adult;in stock;1;new;2080.00 TJS;2080.00 TJS;https://hayamm.com/unisex/5D2F72B85F;https://l.hayamm.com/product/5D2F72B85F;https://storage.googleapis.com/static.ququ.shop/img/product/meta-ad-feed/5D2F72B85F-0.jpg;Philips;size: one size;Мясорубки;5D2F72B85F;5D2F72B85F
0051948b-2764-46ae-95c7-dd705456d3b2;Philips Миксер HR-3745;"Мощное, эффективное смешивание для пышных пирогов

Миксер Philips поможет в приготовлении вкусных воздушных кексов и другой выпечки для всей семьи. Благодаря конической насадке достигается более нежная и воздушная консистенция, а также обеспечивается быстрое смешивание. Мощный мотор 450 Вт позволяет легко замешивать даже самое густое тесто.

Характеристики

Основной материал: Пластик ABS
Дополнительный материал: Металл
Функции: взбивание, замешивание теста
Отделение для хранения шнура: Да
Индикатор емкости: Да
Материал лезвия: Нержавеющая сталь
Мощность: 450 Вт
";unisex;adult;out of stock;1;new;960.00 TJS;960.00 TJS;https://hayamm.com/unisex/0D2877E39A;https://l.hayamm.com/product/0D2877E39A;https://storage.googleapis.com/static.ququ.shop/img/product/meta-ad-feed/0D2877E39A-0.jpg;Philips;size: one size;Миксеры, блендеры;0D2877E39A;0D2877E39A
e5dd151d-1c1f-4320-a3ed-fd7d298da218;Philips Блендер ручной HR-2657;"Viva Collection
Погружной блендер с технологией ProMix

Больше насадок – больше полезных блюд!
Новые погружные блендеры из коллекции ProMix Viva с различными аксессуарами помогут вам разнообразить меню питательными блюдами.

Характеристики

Основной материал:Пластик
Дополнительный материал: Металл
Функции: смешивание, измельчение, взбивание, спиралайзер
Длина шнура: 1,2m
Технология: ProMix, SpeedTouch
Ненагревающиеся ручки: Да
Можно мыть в посудомоечной машине: Да
Индикатор емкости: Да
Материал кувшина: Пластик (SAN)
Материал лезвия: Нержавеющая сталь
Оборотов в минуту: 11 500
";unisex;adult;in stock;1;new;1750.00 TJS;1750.00 TJS;https://hayamm.com/unisex/17784A2D35;https://l.hayamm.com/product/17784A2D35;https://storage.googleapis.com/static.ququ.shop/img/product/meta-ad-feed/17784A2D35-0.jpg;Philips;size: one size;Миксеры, блендеры;17784A2D35;17784A2D35
aac80c03-9f85-442d-8887-ddef2f29a8dc;Philips Миксер ручной HR-3740;"Мощное, эффективное смешивание для пышных пирогов

Миксер Philips поможет в приготовлении вкусных воздушных кексов и другой выпечки для всей семьи. Благодаря конической насадке достигается более нежная и воздушная консистенция, а также обеспечивается быстрое смешивание. Мощный мотор 450 Вт позволяет легко замешивать даже самое густое тесто.

Характеристики

Основной материал: Пластик ABS 
Длина шнура: 1,2м
Материал кувшина: АБС-пластик
Материал лезвия: Нержавеющая сталь
Съемные лезвия: Да
Мощность: 450 Вт
Напряжение: 220–240 В
Частота: 50/60 Гц
Аккумулятор: Нет
";unisex;adult;in stock;1;new;550.00 TJS;550.00 TJS;https://hayamm.com/unisex/D3CE5B5C44;https://l.hayamm.com/product/D3CE5B5C44;https://storage.googleapis.com/static.ququ.shop/img/product/meta-ad-feed/D3CE5B5C44-0.jpg;Philips;size: one size;Миксеры, блендеры;D3CE5B5C44;D3CE5B5C44
accde4c7-ec88-4b26-b02b-16d39afdc949;Tefal Пылесос беспроводной TY6543;Беспроводной пылесос Tefal создан для того, чтобы дарить вам новый, приятный опыт эффективной уборки всей квартиры от пола до потолка. Мощный мотор сочетается с удобным, эргономичным и легким корпусом в ручном режиме, исключительной автономностью и высокоэффективной насадкой с LED подсветкой для глубокой очистки любых напольных покрытий. Пылесос позволяет легко и быстро добиться идеальной чистоты во всем доме.;unisex;adult;in stock;1;new;2380.00 TJS;2380.00 TJS;https://hayamm.com/unisex/45C4F53352;https://l.hayamm.com/product/45C4F53352;https://storage.googleapis.com/static.ququ.shop/img/product/meta-ad-feed/45C4F53352-0.jpg;Tefal;size: one size;Пылесосы;45C4F53352;45C4F53352
a5b703a1-8064-43ba-87ae-d7e7fc9c1d0a;Tefal Утюг с парогенератором GV9812;"Парогенератор TEFAL PRO EXPRESS VISION сочетает непревзойденную силу пара и смарт-дизайн для идеального результатата каждый раз. Умная LED-подсветка упрощает процесс глажения, вы увидите все складки на одежде даже при слабом освещении в комнате. Технология ультрамощного пара сделает процесс глажения максимально эффективным.

Характеристики:

Давление пара: 8,1 бар
Резервуар для воды: 1,2 л
Мощность: 2200 Вт
Паровой удар: 700 г/мин
Материал подошвы: Durilium Airglide Autoclean Ultra-thin
Подача пара: 180 г/мин
Фиксатор утюга: Да
Умная LED-подсветка зоны глажения: Да
Коллектор от накипи: Да
";unisex;adult;in stock;2;new;5440.00 TJS;5440.00 TJS;https://hayamm.com/unisex/70F9A0EE57;https://l.hayamm.com/product/70F9A0EE57;https://storage.googleapis.com/static.ququ.shop/img/product/meta-ad-feed/70F9A0EE57-0.jpg;Tefal;size: one size;Утюги;70F9A0EE57;70F9A0EE57
f8ad5e7d-fe6f-4e08-b6dd-a6c972cbcef5;Tefal Блендер MF815866;Блендер MF815866;unisex;adult;in stock;4;new;2350.00 TJS;2350.00 TJS;https://hayamm.com/unisex/BF47892D50;https://l.hayamm.com/product/BF47892D50;https://storage.googleapis.com/static.ququ.shop/img/product/meta-ad-feed/BF47892D50-0.jpg;Tefal;size: one size;Миксеры, блендеры;BF47892D50;BF47892D50
4b01a131-3000-4177-9624-8a310e64feab;Tefal Рисоварка RK7401;Рисоварка RK7401;unisex;adult;in stock;2;new;1590.00 TJS;1590.00 TJS;https://hayamm.com/unisex/A68E8863A0;https://l.hayamm.com/product/A68E8863A0;https://storage.googleapis.com/static.ququ.shop/img/product/meta-ad-feed/A68E8863A0-0.jpg;Tefal;size: one size;Рисоварки;A68E8863A0;A68E8863A0
ae6c7307-015f-4a40-a434-0e53070b857e;Tefal Электрический чайник KO6931;"Наслаждайтесь любимыми горячими напитками, приготовленными при правильной температуре, с современным электрическим чайником Tefal. Чайник выполнен в элегантном минималистичном дизайне и оснащен встроенным скрытым электронным дисплеем, который показывает температуру воды внутри чайника в режиме реального времени..

Характеристики:

Материал корпуса: Пластик
Мощность: 1800 Вт
Объем: 1.5 л
Количество температурных режимов: 5
Защита от ожогов: Двойные стенки";unisex;adult;in stock;2;new;890.00 TJS;890.00 TJS;https://hayamm.com/unisex/EE5272368E;https://l.hayamm.com/product/EE5272368E;https://storage.googleapis.com/static.ququ.shop/img/product/meta-ad-feed/EE5272368E-0.jpg;Tefal;size: one size;Электрические чайники;EE5272368E;EE5272368E
3804c599-1e8b-4602-88ee-38a197eabc11;Tefal Отпариватель IT3420;Получите идеальный результат разглаживания на всех типах тканей с мощным отпаривателем для одежды Tefal Pro Style Care. Его сверхмощный пар до 42 г/мин легко и быстро разглаживает любые складки, а запатентованная система вертикальной поддержки Press & Steam от Tefal обеспечивает дополнительный комфорт в уходе за вещами. Откройте для себя надежный отпариватель, который идеально разгладит, освежит и продезинфицирует вашу одежду.;unisex;adult;in stock;2;new;5400.00 TJS;5400.00 TJS;https://hayamm.com/unisex/A2CA9D624B;https://l.hayamm.com/product/A2CA9D624B;https://storage.googleapis.com/static.ququ.shop/img/product/meta-ad-feed/A2CA9D624B-0.jpg;Tefal;size: one size;Отпариватели;A2CA9D624B;A2CA9D624B
4dd3a99e-2d48-4722-a948-b5ffc7d2eaa0;Tefal Фритюрница FF220040;"Побалуйте себя и близких действительно вкусной картошкой-фри вместе с фритюрницей Minifryer от Tefal. Корпус устройства выполнен из нержавеющей стали и имеет удобные ручки для переноски, а вместительная чаша имеет антипригарное покрытие, что предотвращает пригорание еды при приготовлении. С помощью специального смотрового окна в крышке устройства вы легко сможете наблюдать за процессом приготовления любимых блюд. А благодаря ее компактным размерам фритюрницу можно удобно хранить даже в небольшой кухне или брать с собой на дачу.

Характеристики:

Максимальный объем масла: 1 л
Максимальный вес ингредиентов: 0.6 кг
Окошко для контроля приготовления: Да
Регулируемый термостат: Да
Антипригарное покрытие чаши: Да
Дополнительные аксессуары: Корзина для жарки";unisex;adult;in stock;2;new;1250.00 TJS;1250.00 TJS;https://hayamm.com/unisex/341723355A;https://l.hayamm.com/product/341723355A;https://storage.googleapis.com/static.ququ.shop/img/product/meta-ad-feed/341723355A-0.jpg;Tefal;size: one size;Фритюрницы;341723355A;341723355A
0ea07e7f-6386-4d6b-a8c2-636cf404251d;Tefal Сковорода L23191;Сковорода L23191;unisex;adult;in stock;2;new;1100.00 TJS;1100.00 TJS;https://hayamm.com/unisex/E98859A32B;https://l.hayamm.com/product/E98859A32B;https://storage.googleapis.com/static.ququ.shop/img/product/meta-ad-feed/E98859A32B-0.jpg;Tefal;size: one size;Сковороды;E98859A32B;E98859A32B
b22a49b4-403b-46f5-bf10-51a6752288c4;Tefal Утюг FV5715;"Утюг Easygliss Plus сделает каждое глажение быстрым и легким благодаря ультратонкой подошве Durilium Airglide, которая идеально скользит по любому типу ткани, и высокой мощности 2400 Вт, благодаря которой утюг разогревается за считанные секунды. Мощность постоянного пара достигает 45 г/мин, позволяя эффективно гладить ваши вещи, а паровой удар до 190 г/мин помогает удалить самые стойкие складки. Утюг выполнен в практичном дизайне с удобным расположением отверстия для наполнения резервуара для воды, оснащен системой «Капля-стоп», которая предотвращает попадание капель воды на ткани во время глажения, и имеет активные паровые отверстия по всей поверхности подошвы, которые обеспечивают максимальное распределение пара.

Характеристики:

Мощность: 2400 Вт
Паровой удар: 190 г/мин
Материал подошвы: Durilium Airglide
Подача пара: 45 г/мин
Автоотключение: Нет
Система самоочистки
Противокапельная система: Да";unisex;adult;in stock;1;new;850.00 TJS;850.00 TJS;https://hayamm.com/unisex/BBF94FB0FD;https://l.hayamm.com/product/BBF94FB0FD;https://storage.googleapis.com/static.ququ.shop/img/product/meta-ad-feed/BBF94FB0FD-0.jpg;Tefal;size: one size;Утюги;BBF94FB0FD;BBF94FB0FD
6145da4e-e6ff-43cf-b540-98a20be6330b;Tefal Электрический чайник KO2601;"Функциональный и стильный электрочайник Tefal KO2601 белого цвета обладает довольно высокой мощностью (2150 Вт). Вода в нем закипает за считанные минуты и может долго оставаться горячей благодаря особенностям конструкции. В чайнике предусмотрена внутренняя колба из нержавеющей стали, заключенная в корпус из пластика, что обеспечивает «эффект термоса». При этом конструкция чайника довольно эргономичная, что делает его повседневное использование очень комфортным. Есть шкала уровня воды, чтобы точно заполнять чайник при необходимости.

Характеристики:

Материал корпуса: Пластик
Мощность: 2150 Вт
Объем: 1.7 л
Защита от ожогов: Двойные стенки";unisex;adult;in stock;5;new;730.00 TJS;730.00 TJS;https://hayamm.com/unisex/CA3636BCE8;https://l.hayamm.com/product/CA3636BCE8;https://storage.googleapis.com/static.ququ.shop/img/product/meta-ad-feed/CA3636BCE8-0.jpg;Tefal;size: one size;Электрические чайники;CA3636BCE8;CA3636BCE8
28085f7d-95b2-4140-8155-de32f491deb8;Kenwood Электрический гриль HGM50;"Kenwood HGM50 со сменным грилем подходит для создания вкусных тостов для сэндвичей и приготовления шампуров или котлет для бургеров на гриле! Идеально подойдет для отдыха или повседневной готовки.

Характеристики:

Мощность:	1800 Вт
Покрытие:	Антипригарное
Особенности:	2 положения - контактное или открытое на 180°
Ручка: Cool-touch
Габариты	32 x 30 x 8 см, Вес 3,56 кг
Цвет:	Серебристый
Комплект поставки:	Настольный гриль, Поддон для масла, ручка, инструкция пользователя
";unisex;adult;in stock;2;new;1400.00 TJS;1400.00 TJS;https://hayamm.com/unisex/8B7924F6F8;https://l.hayamm.com/product/8B7924F6F8;https://storage.googleapis.com/static.ququ.shop/img/product/meta-ad-feed/8B7924F6F8-0.jpg;Kenwood;size: one size;Электрогрили;8B7924F6F8;8B7924F6F8
baebf71f-4d8e-403d-a0ac-7de2a51bb122;Kenwood Соковыжималка JEM02800W;Соковыжималка JEM02800W;unisex;adult;in stock;2;new;1500.00 TJS;1500.00 TJS;https://hayamm.com/unisex/CC7FC89DF4;https://l.hayamm.com/product/CC7FC89DF4;https://storage.googleapis.com/static.ququ.shop/img/product/meta-ad-feed/CC7FC89DF4-0.jpg;Kenwood;size: one size;Соковыжималки;CC7FC89DF4;CC7FC89DF4
d5788ab6-ee51-4e28-9f81-eb45fd238f03;Kenwood Мясорубка MG510;"Комплектация
Корпус мясорубки, Загрузочный блок, Шнек, Нож, Лоток, Толкатель, Решетка (3 в комплекте, диаметр отверстий 3мм, 4.5мм и 8 мм), Насадка для колбас, Насадка для кеббе, Миска для фарша/крышка, Руководство пользователя.

Характеристики:

Производительность, кг/мин: 2
Мощность, Вт: 450
Макс. мощность (при блокировке мотора), Вт: 1600
Материал корпуса: Металл
Материал лотка: Металл
Цвет: Серый металлик

";unisex;adult;in stock;2;new;2070.00 TJS;2070.00 TJS;https://hayamm.com/unisex/6B647A5EBD;https://l.hayamm.com/product/6B647A5EBD;https://storage.googleapis.com/static.ququ.shop/img/product/meta-ad-feed/6B647A5EBD-0.jpg;Kenwood;size: one size;Мясорубки;6B647A5EBD;6B647A5EBD
4d5f55e2-a2d5-448b-ad74-18991b466b5e;Kenwood Кухонный комбайн FDM71;"Освежите свой опыт приготовления пищи с Kenwood Multipro Express Weigh+ — 7-в-1 кухонным комбайном, который станет вашим верным помощником в кухне.

С интегрированными цифровыми весами, уникальными для Kenwood, исследуйте мир кулинарии без лишних хлопот. Переключайтесь между граммами и унциями, взвешивайте прямо в чаше или как автономный вес. Также, благодаря запатентованной технологии экспресс-сервировки, готовьте, не замарачиваясь с мытьем дополнительной посуды.

Kenwood Multipro Express Weigh+ — навигатор в мире кулинарии, где инновации встречаются с функциональностью. Освежите свой стиль готовки сегодня!

Характеристики:

Страна-изготовитель: Великобритания
Системы защиты: Защита от перегрева
Мощность, Вт: 1000
Материал корпуса: Металл, Пластик
Объем чаши: 3л
Цвет: Серебристый
";unisex;adult;in stock;1;new;5850.00 TJS;5850.00 TJS;https://hayamm.com/unisex/410DCD35EB;https://l.hayamm.com/product/410DCD35EB;https://storage.googleapis.com/static.ququ.shop/img/product/meta-ad-feed/410DCD35EB-0.jpg;Kenwood;size: one size;Комбайны;410DCD35EB;410DCD35EB
5bf4c8e0-e7b8-48d5-a7c5-9ac28daab233;Braun Электрический чайник WK 5110;"Braun ID — Коллекция завтраков.

Начните день по-своему.
Завтрак сделан так, как вам нравится. Новый чайник Braun ID Breakfast Collection WK 5110 для завтрака позволяет вам приготовить максимум любимых напитков каждое утро!

Характеристики:

Объем: 1,7 л
Мощность: 3000 Вт
Система быстрого закипания - 35 секунд
Кипячение воды на 1 чашку
Широкий приподнятый носик: удобно наливать воду из-под крана
Скрытый нагревательный элемент из нержавеющей стали
4‑х уровневая система безопасности - автоотключение:
- при закипании воды
- при отсутствии воды
- при подъеме чайника с базы
- дополнительная стабильность при наклоне корпуса на 15°
Эргономичный дизайн:
- удобная кнопка старта / выключения с подсветкой
- комфортная открытая ручка из прорезиненного материала
Съемный, моющийся фильтр от накипи
Основание: вращение 360°
Материал: высококачественный пластик, не содержит бисфенола
";unisex;adult;in stock;6;new;1080.00 TJS;1080.00 TJS;https://hayamm.com/unisex/7B23BECE50;https://l.hayamm.com/product/7B23BECE50;https://storage.googleapis.com/static.ququ.shop/img/product/meta-ad-feed/7B23BECE50-0.jpg;Braun;size: one size;Электрические чайники;7B23BECE50;7B23BECE50
0d05ef91-c55a-4f40-9f08-59a2bf479651;Braun Триммер универсальный MGK 5260;"Универсальные наборы для стайлинга обеспечивают полноценный уход за волосами на лице, голове и теле. До 10 функций в 1 приборе. Сверхострые металлические лезвия с неограниченным сроком службы позволяют достичь идеального результата с первого движения. Без защипываний и выдергиваний волос.
Подстригайте волосы, установив нужную длину - 0,5-21мм благодаря 2 регулируемым гребням. 13 точных настроек длины. Мотор Autosensing обеспечивает постоянную скорость даже при обработке густых волос.

Характеристики:

Тип устройства:	триммер для волос, бороды, усов
Водонепроницаемость:	+
Гарантия (лет):	2
Тип питания: Li-ion аккумулятор
Цвет:	черный/серый
Светодиодный индикатор уровня зарядки:	+

Комплектация:

Насадок в комплекте:	6
Насадка-гребень для коротких волос 3-11 мм:	+
Насадка-гребень 1 мм:	+
Насадка-гребень для длинных волос 13-21 мм:	+
Насадка-гребень 2 мм:	+
Насадка для точного стайлинга:	+
Насадка для носа и ушей:	+
Зарядное устройство SmartPlug:	+
Щеточка для чистки:	+
";unisex;adult;in stock;3;new;860.00 TJS;860.00 TJS;https://hayamm.com/unisex/E1D81B9127;https://l.hayamm.com/product/E1D81B9127;https://storage.googleapis.com/static.ququ.shop/img/product/meta-ad-feed/E1D81B9127-0.jpg;Braun;size: one size;Триммеры, эпиляторы;E1D81B9127;E1D81B9127
1d2c3700-ed8b-4990-b006-e4353cf976a2;Braun Фен-щетка для волос AS 720;"Стайлер для укладки Braun Satin Hair 7 с функцией ионизации IONTEC наполняет волосы миллионами активных ионов. Они мгновенно устраняют статическое электричество, создаваемое обычными стайлерами для укладки. Волосы становятся более ровными и гладкими, излучая заметно больше блеска.

Характеристики:

Тип укладки: сушка и укладка
Функция ионизации:	+
Функция холодный воздух:	+
Количество температурных режимов: 2
Цвет: черный
Мощность (Вт):	700

Комплектация:

Насадка расческа:	+
Большая круглая щетка 38 мм:	+
Инструкция по эксплуатации:	+
";unisex;adult;in stock;3;new;1260.00 TJS;1260.00 TJS;https://hayamm.com/unisex/D86D35C84A;https://l.hayamm.com/product/D86D35C84A;https://storage.googleapis.com/static.ququ.shop/img/product/meta-ad-feed/D86D35C84A-0.jpg;Braun;size: one size;Фены для волос;D86D35C84A;D86D35C84A
8d2ff69d-0f9e-4a68-91ac-638be14a4205;Braun Фен для волос HD 130;"Фен Satin Hair Style&Go. Путешествуйте со стилем. Этот складной дорожный фен легко упаковывается и по-настоящему компактен. Он дает свободу сушить и укладывать волосы в любое время и в любом месте. Два температурных режима позволяют добиваться отличных результатов без ущерба здоровью волос, а складная ручка делает фен экстракомпактным, удобным для хранения и перевозки, при этом не влияя на мощность фена.

Характеристики:

Количество скоростей:	1
Система инфракрасного нагрева:	+
Количество температурных режимов:	2
Независимая регулировка режимов:	+

Комплектация:

Насадок в комплекте:	1
Профессиональная насадка - концентратор:	+
";unisex;adult;in stock;6;new;670.00 TJS;670.00 TJS;https://hayamm.com/unisex/C6B03C4DCC;https://l.hayamm.com/product/C6B03C4DCC;https://storage.googleapis.com/static.ququ.shop/img/product/meta-ad-feed/C6B03C4DCC-0.jpg;Braun;size: one size;Фены для волос;C6B03C4DCC;C6B03C4DCC
dd6a230b-3028-462c-ad34-db8a588b223f;Braun Миксер HM 1070;"Миксер Braun HM1070WH представляет собой домашнего ассистента, которому вы с легкостью доверите приготовление различных соусов, начинок, легких десертов и пышного теста. Представленная модель комплектуется 3-литровой чашей, выполненной на основе безопасного для здоровья пластика. Подовому материалу не свойственно выделение тех или иных соединений, а также воздействие на вкусовые свойства продуктов.
Миксер Braun HM1070WH предлагает поварам возможность выбора среди 4 различных режимов. Чтобы взбить те или иные ингредиенты для омлета, запеканок, домашних сырников, не придется расходовать уйму времени – потребуется лишь установить насадку-венчик. Непрерывное вращение основной емкости способствует более тщательному и деликатному перемешиванию продуктов. Для значительного повышения мощности кухонного помощника достаточно активировать турборежим.

Максимальная мощность: 400 Вт
Объем чаши: 3л
Материал чаши: пластик
Материал корпуса: металл, пластик
Кнопка отсоединения насадок: есть
Напряжение питания: 220-240В/50-60Гц
";unisex;adult;in stock;3;new;950.00 TJS;950.00 TJS;https://hayamm.com/unisex/F51897D8F4;https://l.hayamm.com/product/F51897D8F4;https://storage.googleapis.com/static.ququ.shop/img/product/meta-ad-feed/F51897D8F4-0.jpg;Braun;size: one size;Миксеры, блендеры;F51897D8F4;F51897D8F4
dd2ab594-0451-465a-aedb-0fa023eed872;Braun Блендер MQ 5285;Блендер MQ 5285;unisex;adult;in stock;6;new;1990.00 TJS;1990.00 TJS;https://hayamm.com/unisex/55FE3E3E6B;https://l.hayamm.com/product/55FE3E3E6B;https://storage.googleapis.com/static.ququ.shop/img/product/meta-ad-feed/55FE3E3E6B-0.jpg;Braun;size: one size;Миксеры, блендеры;55FE3E3E6B;55FE3E3E6B
099faf7c-37a5-49b3-b279-430e10e4dab5;Braun Соковыжималка CJ 301;"Выбирайте здоровый образ жизни и начинайте свое утро с получения полезных веществ с помощью свежевыжатых соков и напитков, приготовленных с помощью вашей новой соковыжималки медленного отжима. Благодаря системе медленного отжима вы получите максимум пользы от выбранных вами фруктов и овощей. Она позволяет безопасно и просто готовить вкусный и полезный свежевыжатый сок с высокой степенью извлечения - до 80%, оснащена трубкой для подачи фруктов и овощей и мощным двигателем нового поколения. Сохраняет все питательные вещества, витамины и ферменты в их естественном виде, благодаря чему получается питательная и освежающая смесь.

* Пресс-конус, который поочередно поворачивается влево и вправо для особенно тщательного извлечения сока
* Контейнер для мякоти большой емкости позволяет выжать достаточное количество сока за один прием
* Носик для предотвращения попадания сока на стол
* Прочная металлическая насадка надежно удерживает фрукты на месте и позволяет более эффективно выжимать сок
* Плотно фиксирует детали соковыжималки, чтобы она не двигалась во время приготовления сока


Установка — настольная
Цвет — белый
Длина изделия — 15,1 см
Высота изделия — 26,8 см
Ширина изделия — 20,6 см
Объем — 1 л
Мощность — 20 Вт
Номер модели — CJ301";unisex;adult;in stock;2;new;660.00 TJS;660.00 TJS;https://hayamm.com/unisex/B1759771E0;https://l.hayamm.com/product/B1759771E0;https://storage.googleapis.com/static.ququ.shop/img/product/meta-ad-feed/B1759771E0-0.jpg;Braun;size: one size;Соковыжималки;B1759771E0;B1759771E0
