id,sku,name,brand_name,category_name,price,sale_price,in_stock,inventory,brand_id,category_id,description,photos_count,gender,parent_category_id,parent_category_name
d02a51ec-232a-4764-91cb-2c6aa48d197f,15C932BADE,"Крем для рук Грейпфрут, Базилик, Петитгрейн",Zielinski & Rozen,Крем для рук,212.00,,True,"{""single_option"": {""stock"": 2}}",c9ad8424-2ac9-4392-b119-e775585de45e,f439b374-2650-4d3b-89ec-4ed2b0f88c82,,1,unisex,c8c52119-e352-4f73-990d-5dda106a3b67,Парфюмерия и косметика
9684ba2f-051b-4926-b834-5f870b94a469,9D1BB3E57D,"Крем для рук Грейпфрут, Пачули, Белая Роза",Zielinski & Rozen,Крем для рук,212.00,,True,"{""single_option"": {""stock"": 2}}",c9ad8424-2ac9-4392-b119-e775585de45e,f439b374-2650-4d3b-89ec-4ed2b0f88c82,,1,unisex,c8c52119-e352-4f73-990d-5dda106a3b67,Парфюмерия и косметика
0cf9ab7f-be2d-49fb-af2d-69029c5b09d0,665E7BE573,"Крем для тела Ирис, Лилия, Ваниль (195мл)",Zielinski & Rozen,Крем для тела,474.00,,True,"{""single_option"": {""stock"": 2}}",c9ad8424-2ac9-4392-b119-e775585de45e,9e9552e1-f213-40e5-aa8a-40d7122583db,,1,unisex,c8c52119-e352-4f73-990d-5dda106a3b67,Парфюмерия и косметика
dfe39d2e-bf12-4ee7-ac4f-375486091569,7EC69E852C,"Крем для рук Розмарин, Лимон",Zielinski & Rozen,Крем для рук,212.00,,True,"{""single_option"": {""stock"": 2}}",c9ad8424-2ac9-4392-b119-e775585de45e,f439b374-2650-4d3b-89ec-4ed2b0f88c82,,1,unisex,c8c52119-e352-4f73-990d-5dda106a3b67,Парфюмерия и косметика
62d926b6-692f-4668-a982-c1e2da5183ca,49F3CDB9D1,"Диффузор для ароматерапии Розмарин, Лимон (425мл)",Zielinski & Rozen,Диффузоры,1823.00,,True,"{""single_option"": {""stock"": 2}}",c9ad8424-2ac9-4392-b119-e775585de45e,0633f997-7f78-4d0c-b5b3-8b61ea50b785,,1,unisex,c8c52119-e352-4f73-990d-5dda106a3b67,Парфюмерия и косметика
4cd74c10-13a0-4d39-9e66-b23c09792ee3,1F4165B606,"Санитайзер для рук Розмарин, Лимон",Zielinski & Rozen,Антисептические средства,141.00,,True,"{""single_option"": {""stock"": 2}}",c9ad8424-2ac9-4392-b119-e775585de45e,7fae3699-fe39-4812-87a4-257f34675127,,1,unisex,c8c52119-e352-4f73-990d-5dda106a3b67,Парфюмерия и косметика
24192fe3-81b4-45ee-9556-6a908d102a24,E0DF30B3DC,"Гель для душа Табак, Ветивер, Амбра (300мл)",Zielinski & Rozen,Гель для душа,307.00,,True,"{""single_option"": {""stock"": 2}}",c9ad8424-2ac9-4392-b119-e775585de45e,0fd9ab7e-048f-4fd6-817a-cc796a733474,,1,unisex,c8c52119-e352-4f73-990d-5dda106a3b67,Парфюмерия и косметика
2f72d8f2-d9db-467e-8d86-a3e828a82117,3BC2E25DA7,Масло для тела Черная Ваниль,Zielinski & Rozen,Масло для тела,358.00,,True,"{""single_option"": {""stock"": 2}}",c9ad8424-2ac9-4392-b119-e775585de45e,4e3b0dfe-1a4e-40bc-8585-8a896f39f50f,,1,unisex,c8c52119-e352-4f73-990d-5dda106a3b67,Парфюмерия и косметика
258c0a00-f837-46f6-af71-30a8e2c53926,0C22ECA24E,"Крем для рук Лаванда, Ваниль, Амбра, Мускус",Zielinski & Rozen,Крем для рук,212.00,,True,"{""single_option"": {""stock"": 2}}",c9ad8424-2ac9-4392-b119-e775585de45e,f439b374-2650-4d3b-89ec-4ed2b0f88c82,,1,unisex,c8c52119-e352-4f73-990d-5dda106a3b67,Парфюмерия и косметика
52071a70-d2fb-4bfd-a906-a923d588b252,56A8FA57B6,"Диффузор для ароматерапии Иланг-иланг, Ветивер, Амбра (85мл)",Zielinski & Rozen,Диффузоры,513.00,,True,"{""single_option"": {""stock"": 2}}",c9ad8424-2ac9-4392-b119-e775585de45e,0633f997-7f78-4d0c-b5b3-8b61ea50b785,,1,unisex,c8c52119-e352-4f73-990d-5dda106a3b67,Парфюмерия и косметика
9f725051-e6ae-4a1c-91e4-8d384a6f2a05,2D9858C042,"Крем для рук Кедр, Пачули, Жасмин",Zielinski & Rozen,Крем для рук,212.00,,True,"{""single_option"": {""stock"": 2}}",c9ad8424-2ac9-4392-b119-e775585de45e,f439b374-2650-4d3b-89ec-4ed2b0f88c82,,1,unisex,c8c52119-e352-4f73-990d-5dda106a3b67,Парфюмерия и косметика
410f3f82-de8b-4e38-8fb0-ba52db0aef57,5C2E9967C8,"Твердое мыло Табак, Кедр, Перец",Zielinski & Rozen,Твердое мыло,114.00,,True,"{""single_option"": {""stock"": 2}}",c9ad8424-2ac9-4392-b119-e775585de45e,d5c6ca47-cbbd-4068-be19-95b47dc3e685,,1,unisex,c8c52119-e352-4f73-990d-5dda106a3b67,Парфюмерия и косметика
6ea8dd54-3037-4e64-9d52-a93e2bedbb7c,80E47F6291,Диффузор для ароматерапии Черная Ваниль (850мл),Zielinski & Rozen,Диффузоры,3182.00,,True,"{""single_option"": {""stock"": 2}}",c9ad8424-2ac9-4392-b119-e775585de45e,0633f997-7f78-4d0c-b5b3-8b61ea50b785,,1,unisex,c8c52119-e352-4f73-990d-5dda106a3b67,Парфюмерия и косметика
ee5c476f-92f0-42d2-a70d-301a0506fc40,FC50BE0E5C,"Крем для рук Амбра, Пачули",Zielinski & Rozen,Крем для рук,212.00,,True,"{""single_option"": {""stock"": 2}}",c9ad8424-2ac9-4392-b119-e775585de45e,f439b374-2650-4d3b-89ec-4ed2b0f88c82,,1,unisex,c8c52119-e352-4f73-990d-5dda106a3b67,Парфюмерия и косметика
4b29caea-dd1c-4471-a5b1-e14fd988298a,F13D042ACE,"Масло для тела Апельсин, Жасмин",Zielinski & Rozen,Масло для тела,358.00,,True,"{""single_option"": {""stock"": 2}}",c9ad8424-2ac9-4392-b119-e775585de45e,4e3b0dfe-1a4e-40bc-8585-8a896f39f50f,,1,unisex,c8c52119-e352-4f73-990d-5dda106a3b67,Парфюмерия и косметика
b0332e32-a190-4e7e-9b9f-207583dbc3f9,9279976FB7,"Крем для рук Дубовый мох, Амбра",Zielinski & Rozen,Крем для рук,212.00,,True,"{""single_option"": {""stock"": 2}}",c9ad8424-2ac9-4392-b119-e775585de45e,f439b374-2650-4d3b-89ec-4ed2b0f88c82,,1,unisex,c8c52119-e352-4f73-990d-5dda106a3b67,Парфюмерия и косметика
43602965-c4dd-4fd4-9f35-63c5bfe08e17,EF664B45F5,"Крем для рук Кедр, Нероли, Амбра",Zielinski & Rozen,Крем для рук,212.00,,True,"{""single_option"": {""stock"": 2}}",c9ad8424-2ac9-4392-b119-e775585de45e,f439b374-2650-4d3b-89ec-4ed2b0f88c82,,1,unisex,c8c52119-e352-4f73-990d-5dda106a3b67,Парфюмерия и косметика
4fda4b70-58e3-4ade-b568-a49b068a9193,8F58030BB5,"Скраб для тела Черный перец, Ветивер, Нероли, Амбра",Zielinski & Rozen,Скраб для тела,410.00,,True,"{""single_option"": {""stock"": 2}}",c9ad8424-2ac9-4392-b119-e775585de45e,3dfd4cac-da48-4878-b7e4-84e17fc34a86,,1,unisex,c8c52119-e352-4f73-990d-5dda106a3b67,Парфюмерия и косметика
8dfe7e27-d0f4-4033-9026-935d47d39547,588765CEB1,"Сыворотка для волос Ветивер, Лимон",Zielinski & Rozen,Уход для волос,294.00,,True,"{""single_option"": {""stock"": 2}}",c9ad8424-2ac9-4392-b119-e775585de45e,5b5baedf-d19c-4cd8-a4e9-05816ef0e40c,,1,unisex,c8c52119-e352-4f73-990d-5dda106a3b67,Парфюмерия и косметика
d086055a-2de6-41e9-9b7a-307f6594b8c0,F2B247C96D,"Духи концентрированные Палисандр, Сандал, Кедр",Zielinski & Rozen,Духи,945.00,,True,"{""single_option"": {""stock"": 2}}",c9ad8424-2ac9-4392-b119-e775585de45e,cd795a4f-d414-4997-a632-be2c9fe3893e,,1,unisex,c8c52119-e352-4f73-990d-5dda106a3b67,Парфюмерия и косметика
ca40fd2c-3ad2-484d-9631-fbdc456d4fd5,25CE7E6797,"Диффузор для ароматерапии Ветивер, Мускус (85мл)",Zielinski & Rozen,Диффузоры,513.00,,True,"{""single_option"": {""stock"": 2}}",c9ad8424-2ac9-4392-b119-e775585de45e,0633f997-7f78-4d0c-b5b3-8b61ea50b785,,1,unisex,c8c52119-e352-4f73-990d-5dda106a3b67,Парфюмерия и косметика
9a1e2562-d9bf-49be-a202-ca8f3f1543ff,81466768EB,"Санитайзер для рук Черный Ветивер, Амбра",Zielinski & Rozen,Антисептические средства,141.00,,True,"{""single_option"": {""stock"": 2}}",c9ad8424-2ac9-4392-b119-e775585de45e,7fae3699-fe39-4812-87a4-257f34675127,,1,unisex,c8c52119-e352-4f73-990d-5dda106a3b67,Парфюмерия и косметика
b60728f3-67a7-401c-86f6-a4ca26e82c40,89BE13D991,"Диффузор для ароматерапии Табак, Кедр, Перец (212,5мл)",Zielinski & Rozen,Диффузоры,1065.00,,True,"{""single_option"": {""stock"": 2}}",c9ad8424-2ac9-4392-b119-e775585de45e,0633f997-7f78-4d0c-b5b3-8b61ea50b785,,1,unisex,c8c52119-e352-4f73-990d-5dda106a3b67,Парфюмерия и косметика
516c720f-093b-41f6-b47c-e1db29acc8d3,A1A7475BFA,Крем для лица Увлажняющий / Универсальный,Zielinski & Rozen,Уход для лица,513.00,,True,"{""single_option"": {""stock"": 2}}",c9ad8424-2ac9-4392-b119-e775585de45e,0fa2cdf3-d0c0-4b56-8015-74bbdc2b5039,,1,unisex,c8c52119-e352-4f73-990d-5dda106a3b67,Парфюмерия и косметика
11b7b495-7d76-470e-b65e-d5221bbf7444,6379A33E9E,Крем для лица Питательный / Универсальный,Zielinski & Rozen,Уход для лица,513.00,,True,"{""single_option"": {""stock"": 2}}",c9ad8424-2ac9-4392-b119-e775585de45e,0fa2cdf3-d0c0-4b56-8015-74bbdc2b5039,,1,unisex,c8c52119-e352-4f73-990d-5dda106a3b67,Парфюмерия и косметика
bd56be29-5591-4ad5-a120-8e1061cb7249,928CC4A397,"Твердое мыло Персик, Маракуйя, Мускус",Zielinski & Rozen,Твердое мыло,114.00,,True,"{""single_option"": {""stock"": 2}}",c9ad8424-2ac9-4392-b119-e775585de45e,d5c6ca47-cbbd-4068-be19-95b47dc3e685,,1,unisex,c8c52119-e352-4f73-990d-5dda106a3b67,Парфюмерия и косметика
75ad7946-fbe6-4fff-9ed7-dbc6770f151f,335DA7C087,"Крем для рук Персик, Маракуйя, Мускус",Zielinski & Rozen,Крем для рук,212.00,,True,"{""single_option"": {""stock"": 2}}",c9ad8424-2ac9-4392-b119-e775585de45e,f439b374-2650-4d3b-89ec-4ed2b0f88c82,,1,unisex,c8c52119-e352-4f73-990d-5dda106a3b67,Парфюмерия и косметика
8e5871d8-bf8a-4f1b-966b-c0353dac72a4,CA9ED995CB,"Диффузор для ароматерапии Ветивер, Лимон (85мл)",Zielinski & Rozen,Диффузоры,513.00,,True,"{""single_option"": {""stock"": 2}}",c9ad8424-2ac9-4392-b119-e775585de45e,0633f997-7f78-4d0c-b5b3-8b61ea50b785,,1,unisex,c8c52119-e352-4f73-990d-5dda106a3b67,Парфюмерия и косметика
21f56ecd-eff3-4e5a-86fd-eee9afa976c1,0253E02853,"Крем для тела Кедр, Пачули, Жасмин",Zielinski & Rozen,Крем для тела,474.00,,True,"{""single_option"": {""stock"": 2}}",c9ad8424-2ac9-4392-b119-e775585de45e,9e9552e1-f213-40e5-aa8a-40d7122583db,,1,unisex,c8c52119-e352-4f73-990d-5dda106a3b67,Парфюмерия и косметика
6909be31-a643-433b-8412-a4b0c84e7145,D4F67850AC,"Крем для рук Розовый Перец, Элеми, Корица, Кожа",Zielinski & Rozen,Крем для рук,212.00,,True,"{""single_option"": {""stock"": 2}}",c9ad8424-2ac9-4392-b119-e775585de45e,f439b374-2650-4d3b-89ec-4ed2b0f88c82,,1,unisex,c8c52119-e352-4f73-990d-5dda106a3b67,Парфюмерия и косметика
c5810e5a-7397-4ecf-ba8e-cf2b65e62a3e,8D5A1245AF,"Свеча Черный Перец, Ветивер, Нероли, Амбра",Zielinski & Rozen,Свечи,513.00,,True,"{""single_option"": {""stock"": 2}}",c9ad8424-2ac9-4392-b119-e775585de45e,4fc620f5-eea4-4aa9-b082-1f7a978a82f6,,1,unisex,f76ddada-dd43-4207-bc9b-61bb29917f67,Посуда и аксессуары для дома
6620a7be-2c68-499f-baef-bfd00dd13fa0,2EA4D59D02,"Духи концентрированные Нероли, Грейпфрут, Кедр",Zielinski & Rozen,Духи,345.00,,True,"{""single_option"": {""stock"": 2}}",c9ad8424-2ac9-4392-b119-e775585de45e,cd795a4f-d414-4997-a632-be2c9fe3893e,,1,unisex,c8c52119-e352-4f73-990d-5dda106a3b67,Парфюмерия и косметика
01b38f4e-3732-4032-9a38-2e77f454f7fc,4D6A606EF3,"Твердое мыло Ветивер, Лимон",Zielinski & Rozen,Твердое мыло,81.00,,True,"{""single_option"": {""stock"": 2}}",c9ad8424-2ac9-4392-b119-e775585de45e,d5c6ca47-cbbd-4068-be19-95b47dc3e685,,1,unisex,c8c52119-e352-4f73-990d-5dda106a3b67,Парфюмерия и косметика
f2dddab0-001a-4230-91aa-441c9c15d9e0,22AB5673D2,"Крем для рук Табак. Кедр, Перец",Zielinski & Rozen,Крем для рук,212.00,,True,"{""single_option"": {""stock"": 2}}",c9ad8424-2ac9-4392-b119-e775585de45e,f439b374-2650-4d3b-89ec-4ed2b0f88c82,,1,unisex,c8c52119-e352-4f73-990d-5dda106a3b67,Парфюмерия и косметика
ef4f898e-7042-4bdd-825b-e226b1931641,02E2AABB32,"Свеча Яблоко, Лотос",Zielinski & Rozen,Свечи,230.00,,True,"{""single_option"": {""stock"": 2}}",c9ad8424-2ac9-4392-b119-e775585de45e,4fc620f5-eea4-4aa9-b082-1f7a978a82f6,,1,unisex,f76ddada-dd43-4207-bc9b-61bb29917f67,Посуда и аксессуары для дома
47adef31-c191-4932-ac27-b980e2cdde76,6D57718112,"Шампунь для ежедневного использования Черный перец, Ветивер, Нероли, Амбра",Zielinski & Rozen,Уход для волос,371.00,,True,"{""single_option"": {""stock"": 2}}",c9ad8424-2ac9-4392-b119-e775585de45e,5b5baedf-d19c-4cd8-a4e9-05816ef0e40c,,1,unisex,c8c52119-e352-4f73-990d-5dda106a3b67,Парфюмерия и косметика
c51b871f-3b74-4aa5-b787-713842cdfafb,5B51D6EAF3,"Духи концентрированные Кожа, Кедр",Zielinski & Rozen,Духи,345.00,,True,"{""single_option"": {""stock"": 2}}",c9ad8424-2ac9-4392-b119-e775585de45e,cd795a4f-d414-4997-a632-be2c9fe3893e,,1,unisex,c8c52119-e352-4f73-990d-5dda106a3b67,Парфюмерия и косметика
135b09eb-549e-4f4f-93c2-ddfeb3e90891,DDB7C1C5D3,"Шампунь восстанавливающий Черный перец, Ветивер, Нероли, Амбра",Zielinski & Rozen,Уход для волос,371.00,,True,"{""single_option"": {""stock"": 2}}",c9ad8424-2ac9-4392-b119-e775585de45e,5b5baedf-d19c-4cd8-a4e9-05816ef0e40c,,1,unisex,c8c52119-e352-4f73-990d-5dda106a3b67,Парфюмерия и косметика
3d3478ee-28a8-414c-a64d-4d5a221baacc,3F4C424767,Крем для рук Черная Ваниль,Zielinski & Rozen,Крем для рук,212.00,,True,"{""single_option"": {""stock"": 2}}",c9ad8424-2ac9-4392-b119-e775585de45e,f439b374-2650-4d3b-89ec-4ed2b0f88c82,,1,unisex,c8c52119-e352-4f73-990d-5dda106a3b67,Парфюмерия и косметика
c7f75aa1-c18b-4ed9-90d0-152dad4d36c1,2119845FC7,"Санитайзер для рук Грейпфрут, Базилик, Петитгрейн",Zielinski & Rozen,Антисептические средства,141.00,,True,"{""single_option"": {""stock"": 2}}",c9ad8424-2ac9-4392-b119-e775585de45e,7fae3699-fe39-4812-87a4-257f34675127,,1,unisex,c8c52119-e352-4f73-990d-5dda106a3b67,Парфюмерия и косметика
fa7080a9-d255-4f19-b5ab-15842485ac6a,5794563307,"Санитайзер для рук Апельсин, Жасмин",Zielinski & Rozen,Антисептические средства,141.00,,True,"{""single_option"": {""stock"": 2}}",c9ad8424-2ac9-4392-b119-e775585de45e,7fae3699-fe39-4812-87a4-257f34675127,,1,unisex,c8c52119-e352-4f73-990d-5dda106a3b67,Парфюмерия и косметика
3b4005b8-fd40-412e-8a8d-d6c2bdc49354,6C44080C44,"Гель для душа Черный перец, Ветивер, Нероли, Амбра (200мл)",Zielinski & Rozen,Гель для душа,230.00,,True,"{""single_option"": {""stock"": 2}}",c9ad8424-2ac9-4392-b119-e775585de45e,0fd9ab7e-048f-4fd6-817a-cc796a733474,,1,unisex,c8c52119-e352-4f73-990d-5dda106a3b67,Парфюмерия и косметика
ba893973-babd-4eb7-a982-6fc667dd6f91,AE69F1DFFD,"Крем для тела Ветивер, Лимон",Zielinski & Rozen,Крем для тела,474.00,,True,"{""single_option"": {""stock"": 2}}",c9ad8424-2ac9-4392-b119-e775585de45e,9e9552e1-f213-40e5-aa8a-40d7122583db,,1,unisex,c8c52119-e352-4f73-990d-5dda106a3b67,Парфюмерия и косметика
a00da8b0-f962-4e5e-8974-0bc0e49a3979,07BBDB7BBC,"Сыворотка для волос Черный Перец, Ветивер, Нероли, Амбра",Zielinski & Rozen,Уход для волос,294.00,,True,"{""single_option"": {""stock"": 2}}",c9ad8424-2ac9-4392-b119-e775585de45e,5b5baedf-d19c-4cd8-a4e9-05816ef0e40c,,1,unisex,c8c52119-e352-4f73-990d-5dda106a3b67,Парфюмерия и косметика
71fbb942-2262-4a76-a377-5e90b64f2f14,ADA12BC985,"Крем-масло для тела Черный перец, Ветивер, Нероли, Амбра",Zielinski & Rozen,Крем для тела,565.00,,True,"{""single_option"": {""stock"": 2}}",c9ad8424-2ac9-4392-b119-e775585de45e,9e9552e1-f213-40e5-aa8a-40d7122583db,,1,unisex,c8c52119-e352-4f73-990d-5dda106a3b67,Парфюмерия и косметика
900cd4cf-68c2-4b4c-aced-719b31066f80,C8B0ACF75C,"Набор свечей Черный перец, Ветивер, Амбра, Нероли",Zielinski & Rozen,Свечи,770.00,,True,"{""single_option"": {""stock"": 2}}",c9ad8424-2ac9-4392-b119-e775585de45e,4fc620f5-eea4-4aa9-b082-1f7a978a82f6,,1,unisex,f76ddada-dd43-4207-bc9b-61bb29917f67,Посуда и аксессуары для дома
78033072-1a41-46d8-85c8-eca6756cf65a,7AFA63CE2B,"Гель для душа Черный перец, Ветивер, Нероли, Амбра (300мл)",Zielinski & Rozen,Гель для душа,307.00,,True,"{""single_option"": {""stock"": 2}}",c9ad8424-2ac9-4392-b119-e775585de45e,0fd9ab7e-048f-4fd6-817a-cc796a733474,,1,unisex,c8c52119-e352-4f73-990d-5dda106a3b67,Парфюмерия и косметика
8e2213b6-6071-4e88-9f67-605466eaaad0,3D388A6FC4,"Духи концентрированные Амбра, Пачули",Zielinski & Rozen,Духи,345.00,,True,"{""single_option"": {""stock"": 2}}",c9ad8424-2ac9-4392-b119-e775585de45e,cd795a4f-d414-4997-a632-be2c9fe3893e,,1,unisex,c8c52119-e352-4f73-990d-5dda106a3b67,Парфюмерия и косметика
3e2f4716-0f0b-4a1e-8db1-4052e1ee0e40,423ECDBB9F,Крем для тела Черная Ваниль,Zielinski & Rozen,Крем для тела,474.00,,True,"{""single_option"": {""stock"": 2}}",c9ad8424-2ac9-4392-b119-e775585de45e,9e9552e1-f213-40e5-aa8a-40d7122583db,,1,unisex,c8c52119-e352-4f73-990d-5dda106a3b67,Парфюмерия и косметика
d5915e48-1296-412f-a33f-8a1ec577c028,4B3DAEDD7F,Крем для тела Пудра,Zielinski & Rozen,Крем для тела,474.00,,True,"{""single_option"": {""stock"": 2}}",c9ad8424-2ac9-4392-b119-e775585de45e,9e9552e1-f213-40e5-aa8a-40d7122583db,,1,unisex,c8c52119-e352-4f73-990d-5dda106a3b67,Парфюмерия и косметика
e72f0020-8ba0-48c4-a839-94c436994c0f,A1C8BCF012,"Духи концентрированные Грейпфрут, Базилик, Петитгрейн",Zielinski & Rozen,Духи,345.00,,True,"{""single_option"": {""stock"": 2}}",c9ad8424-2ac9-4392-b119-e775585de45e,cd795a4f-d414-4997-a632-be2c9fe3893e,,1,unisex,c8c52119-e352-4f73-990d-5dda106a3b67,Парфюмерия и косметика
e99c3116-6076-462c-a60e-897648ef8d4b,6EE0EF0BBE,"Духи концентрированные Кожа, Сандал, Амбра",Zielinski & Rozen,Духи,345.00,,True,"{""single_option"": {""stock"": 2}}",c9ad8424-2ac9-4392-b119-e775585de45e,cd795a4f-d414-4997-a632-be2c9fe3893e,,1,unisex,c8c52119-e352-4f73-990d-5dda106a3b67,Парфюмерия и косметика
85516d06-790d-4c4c-b069-2fecd2e7221e,683D6C1C5C,"Диффузор для ароматерапии Табак, Кедр, Перец (85мл)",Zielinski & Rozen,Диффузоры,513.00,,True,"{""single_option"": {""stock"": 2}}",c9ad8424-2ac9-4392-b119-e775585de45e,0633f997-7f78-4d0c-b5b3-8b61ea50b785,,1,unisex,c8c52119-e352-4f73-990d-5dda106a3b67,Парфюмерия и косметика
cdacdbe7-0d1f-4657-a8f6-b5875a41c88e,A417EBCE39,"Твердое мыло в алюминиевой мыльнице Ваниль, Амбра, Лаванда",Zielinski & Rozen,Твердое мыло,191.00,,True,"{""single_option"": {""stock"": 2}}",c9ad8424-2ac9-4392-b119-e775585de45e,d5c6ca47-cbbd-4068-be19-95b47dc3e685,,1,unisex,c8c52119-e352-4f73-990d-5dda106a3b67,Парфюмерия и косметика
e91e7736-c769-4ef6-bdde-dd453806fd11,2444965FAB,"Крем для тела Черный перец, Ветивер, Нероли, Амбра",Zielinski & Rozen,Крем для тела,474.00,,True,"{""single_option"": {""stock"": 2}}",c9ad8424-2ac9-4392-b119-e775585de45e,9e9552e1-f213-40e5-aa8a-40d7122583db,,1,unisex,c8c52119-e352-4f73-990d-5dda106a3b67,Парфюмерия и косметика
6459e434-a1ca-4f39-be32-98b8ebcad5dd,8CB8A7A349,Диффузор для ароматерапии Черная Ваниль (425мл),Zielinski & Rozen,Диффузоры,1823.00,,True,"{""single_option"": {""stock"": 2}}",c9ad8424-2ac9-4392-b119-e775585de45e,0633f997-7f78-4d0c-b5b3-8b61ea50b785,,1,unisex,c8c52119-e352-4f73-990d-5dda106a3b67,Парфюмерия и косметика
68c1e595-9c7f-40d1-b8c2-dfe3965fe3e7,3E7BE04EBD,"Масло для тела Черный перец, Ветивер, Нероли, Амбра",Zielinski & Rozen,Масло для тела,358.00,,True,"{""single_option"": {""stock"": 2}}",c9ad8424-2ac9-4392-b119-e775585de45e,4e3b0dfe-1a4e-40bc-8585-8a896f39f50f,,1,unisex,c8c52119-e352-4f73-990d-5dda106a3b67,Парфюмерия и косметика
06c29cba-e62b-4489-af48-41fbd64ca662,F8B83FD5D0,"Твердое мыло Черный перец, Ветивер, Нероли, Амбра",Zielinski & Rozen,Твердое мыло,114.00,,True,"{""single_option"": {""stock"": 2}}",c9ad8424-2ac9-4392-b119-e775585de45e,d5c6ca47-cbbd-4068-be19-95b47dc3e685,,1,unisex,c8c52119-e352-4f73-990d-5dda106a3b67,Парфюмерия и косметика
6f24881a-1e44-416e-8edd-25487de25a61,09A9B4FF32,"Духи концентрированные Роза, Жасмин, Нарцисс",Zielinski & Rozen,Духи,345.00,,True,"{""single_option"": {""stock"": 2}}",c9ad8424-2ac9-4392-b119-e775585de45e,cd795a4f-d414-4997-a632-be2c9fe3893e,,1,unisex,c8c52119-e352-4f73-990d-5dda106a3b67,Парфюмерия и косметика
1851bca6-9975-4192-80a0-4f5689c49f87,9E5A649579,"Духи концентрированные Иланг-Иланг, Жасмин, Нероли",Zielinski & Rozen,Духи,345.00,,True,"{""single_option"": {""stock"": 2}}",c9ad8424-2ac9-4392-b119-e775585de45e,cd795a4f-d414-4997-a632-be2c9fe3893e,,1,unisex,c8c52119-e352-4f73-990d-5dda106a3b67,Парфюмерия и косметика
0490c95c-4eb6-4c0f-8296-92ef78758550,D46EBC01C1,"Духи концентрированные Ветивер, Нероли, Апельсин",Zielinski & Rozen,Духи,345.00,,True,"{""single_option"": {""stock"": 2}}",c9ad8424-2ac9-4392-b119-e775585de45e,cd795a4f-d414-4997-a632-be2c9fe3893e,,1,unisex,c8c52119-e352-4f73-990d-5dda106a3b67,Парфюмерия и косметика
6b4f3b63-7847-4efa-8a24-b5615cda7808,0C283D3B6D,Духи концентрированные Вайт Бленд,Zielinski & Rozen,Духи,345.00,,True,"{""single_option"": {""stock"": 2}}",c9ad8424-2ac9-4392-b119-e775585de45e,cd795a4f-d414-4997-a632-be2c9fe3893e,,1,unisex,c8c52119-e352-4f73-990d-5dda106a3b67,Парфюмерия и косметика
e9c53c92-ccf2-49bf-9f23-41f57a2166f2,0ADB0358B9,"Духи концентрированные Нарцисс, Жасмин, Лаванда",Zielinski & Rozen,Духи,345.00,,True,"{""single_option"": {""stock"": 2}}",c9ad8424-2ac9-4392-b119-e775585de45e,cd795a4f-d414-4997-a632-be2c9fe3893e,,1,unisex,c8c52119-e352-4f73-990d-5dda106a3b67,Парфюмерия и косметика
a7b7a01b-db01-4ad9-9d47-b8b2694d7072,80E07E5E3A,"Духи концентрированные Черный ветивер, Амбра",Zielinski & Rozen,Духи,345.00,,True,"{""single_option"": {""stock"": 2}}",c9ad8424-2ac9-4392-b119-e775585de45e,cd795a4f-d414-4997-a632-be2c9fe3893e,,1,unisex,c8c52119-e352-4f73-990d-5dda106a3b67,Парфюмерия и косметика
073d67c8-5246-42d4-9679-6a07d31ff341,D57435DE5E,"Духи концентрированные Нероли, Алоизия",Zielinski & Rozen,Духи,945.00,,True,"{""single_option"": {""stock"": 2}}",c9ad8424-2ac9-4392-b119-e775585de45e,cd795a4f-d414-4997-a632-be2c9fe3893e,,1,unisex,c8c52119-e352-4f73-990d-5dda106a3b67,Парфюмерия и косметика
31170add-7171-4187-9fe8-82e926fdba7e,6FAFEEF57E,"Духи концентрированные Орхидея, Ваниль, Амбра",Zielinski & Rozen,Духи,345.00,,True,"{""single_option"": {""stock"": 2}}",c9ad8424-2ac9-4392-b119-e775585de45e,cd795a4f-d414-4997-a632-be2c9fe3893e,,1,unisex,c8c52119-e352-4f73-990d-5dda106a3b67,Парфюмерия и косметика
67af50d3-b98c-4db6-8f23-86ec46a12b07,1E537C54B0,"Духи концентрированные Нероли, Пачули, Мед, Амбра",Zielinski & Rozen,Духи,345.00,,True,"{""single_option"": {""stock"": 2}}",c9ad8424-2ac9-4392-b119-e775585de45e,cd795a4f-d414-4997-a632-be2c9fe3893e,,1,unisex,c8c52119-e352-4f73-990d-5dda106a3b67,Парфюмерия и косметика
939136bd-e811-41a3-a43d-0ac896c1d0a2,2B92B3AFD1,"Духи концентрированные Ветивер, Лимон",Zielinski & Rozen,Духи,345.00,,True,"{""single_option"": {""stock"": 2}}",c9ad8424-2ac9-4392-b119-e775585de45e,cd795a4f-d414-4997-a632-be2c9fe3893e,,1,unisex,c8c52119-e352-4f73-990d-5dda106a3b67,Парфюмерия и косметика
9b8093a2-178d-4750-be66-2c0ca49bfb8d,AE6B11D2D5,"Духи концентрированные Грейпфрут, Пачули, Белая Роза",Zielinski & Rozen,Духи,345.00,,True,"{""single_option"": {""stock"": 2}}",c9ad8424-2ac9-4392-b119-e775585de45e,cd795a4f-d414-4997-a632-be2c9fe3893e,,1,unisex,c8c52119-e352-4f73-990d-5dda106a3b67,Парфюмерия и косметика
35239528-c6e6-4ea8-866c-cd6179a1eedf,85D5AD47CB,"Крем для рук Черный перец, Ветивер, Нероли, Амбра",Zielinski & Rozen,Крем для рук,212.00,,True,"{""single_option"": {""stock"": 2}}",c9ad8424-2ac9-4392-b119-e775585de45e,f439b374-2650-4d3b-89ec-4ed2b0f88c82,,1,unisex,c8c52119-e352-4f73-990d-5dda106a3b67,Парфюмерия и косметика
69e18718-7af9-4ce9-a288-6d0e228c8bc7,C759B367DE,"Духи концентрированные Бергамот, Зеленый Чай, Сандал",Zielinski & Rozen,Духи,345.00,,True,"{""single_option"": {""stock"": 2}}",c9ad8424-2ac9-4392-b119-e775585de45e,cd795a4f-d414-4997-a632-be2c9fe3893e,,1,unisex,c8c52119-e352-4f73-990d-5dda106a3b67,Парфюмерия и косметика
c1a11661-03aa-46b6-8c43-e373d48c0717,04A8EF4D1B,"Жидкое мыло Черный перец, Ветивер, Нероли, Амбра",Zielinski & Rozen,Жидкое мыло,294.00,,True,"{""single_option"": {""stock"": 2}}",c9ad8424-2ac9-4392-b119-e775585de45e,60ca7db8-55f9-438a-bf53-4e2612ddea8b,,1,unisex,c8c52119-e352-4f73-990d-5dda106a3b67,Парфюмерия и косметика
98836675-6cbc-433a-aebf-f9ad4b556dad,68435E688C,Духи концентрированные Пудра,Zielinski & Rozen,Духи,345.00,,True,"{""single_option"": {""stock"": 2}}",c9ad8424-2ac9-4392-b119-e775585de45e,cd795a4f-d414-4997-a632-be2c9fe3893e,,1,unisex,c8c52119-e352-4f73-990d-5dda106a3b67,Парфюмерия и косметика
77769b7a-4851-4fee-ae22-c2b8f635903b,34B25D201C,"Духи концентрированные Сандал, Жасмин",Zielinski & Rozen,Духи,345.00,,True,"{""single_option"": {""stock"": 2}}",c9ad8424-2ac9-4392-b119-e775585de45e,cd795a4f-d414-4997-a632-be2c9fe3893e,,1,unisex,c8c52119-e352-4f73-990d-5dda106a3b67,Парфюмерия и косметика
f4e50454-7082-4d26-944c-bb545caa6741,59A546BDD9,"Духи концентрированные Розмарин, Лимон",Zielinski & Rozen,Духи,345.00,,True,"{""single_option"": {""stock"": 2}}",c9ad8424-2ac9-4392-b119-e775585de45e,cd795a4f-d414-4997-a632-be2c9fe3893e,,1,unisex,c8c52119-e352-4f73-990d-5dda106a3b67,Парфюмерия и косметика
b161cd37-54ec-481c-9457-53bec3403b52,EDA3097C84,"Духи концентрированные Дубовый мох, Амбра",Zielinski & Rozen,Духи,345.00,,True,"{""single_option"": {""stock"": 2}}",c9ad8424-2ac9-4392-b119-e775585de45e,cd795a4f-d414-4997-a632-be2c9fe3893e,,1,unisex,c8c52119-e352-4f73-990d-5dda106a3b67,Парфюмерия и косметика
3500685b-e723-4ab2-905a-b430d090091f,6736255866,"Духи концентрированные Красный Грейпфрут, Бергамот, Амбра",Zielinski & Rozen,Духи,345.00,,True,"{""single_option"": {""stock"": 2}}",c9ad8424-2ac9-4392-b119-e775585de45e,cd795a4f-d414-4997-a632-be2c9fe3893e,,1,unisex,c8c52119-e352-4f73-990d-5dda106a3b67,Парфюмерия и косметика
d2d57197-4f8b-4276-b7ae-0dd7963022ea,863A812D78,"Духи концентрированные Кедр, Нероли, Амбра",Zielinski & Rozen,Духи,345.00,,True,"{""single_option"": {""stock"": 2}}",c9ad8424-2ac9-4392-b119-e775585de45e,cd795a4f-d414-4997-a632-be2c9fe3893e,,1,unisex,c8c52119-e352-4f73-990d-5dda106a3b67,Парфюмерия и косметика
0d46aa11-f556-4ca9-b4a5-4f9b025ace69,76D877AA0C,"Духи концентрированные Апельсин, Жасмин",Zielinski & Rozen,Духи,345.00,,True,"{""single_option"": {""stock"": 2}}",c9ad8424-2ac9-4392-b119-e775585de45e,cd795a4f-d414-4997-a632-be2c9fe3893e,,1,unisex,c8c52119-e352-4f73-990d-5dda106a3b67,Парфюмерия и косметика
ba393508-f3b3-44ac-be79-25f45a7daa3d,7F2FCD9964,"Духи концентрированные Табак, Амбра, Пачули",Zielinski & Rozen,Духи,345.00,,True,"{""single_option"": {""stock"": 2}}",c9ad8424-2ac9-4392-b119-e775585de45e,cd795a4f-d414-4997-a632-be2c9fe3893e,,1,unisex,c8c52119-e352-4f73-990d-5dda106a3b67,Парфюмерия и косметика
bd7357d6-6195-4081-b0e7-f828f8688a0f,28F2E5314B,"Духи концентрированные Кедр, Пачули, Жасмин",Zielinski & Rozen,Духи,345.00,,True,"{""single_option"": {""stock"": 2}}",c9ad8424-2ac9-4392-b119-e775585de45e,cd795a4f-d414-4997-a632-be2c9fe3893e,,1,unisex,c8c52119-e352-4f73-990d-5dda106a3b67,Парфюмерия и косметика
58264666-ffd8-4765-a679-c6e3cc29357a,73D61FF1AE,"Духи концентрированные Яблоко, Лотос",Zielinski & Rozen,Духи,345.00,,True,"{""single_option"": {""stock"": 2}}",c9ad8424-2ac9-4392-b119-e775585de45e,cd795a4f-d414-4997-a632-be2c9fe3893e,,1,unisex,c8c52119-e352-4f73-990d-5dda106a3b67,Парфюмерия и косметика
3f1021fc-a0fe-4910-a60e-943d4ab0c2eb,10FA06495B,"Духи концентрированные Персик, Маракуйя, Мускус",Zielinski & Rozen,Духи,345.00,,True,"{""single_option"": {""stock"": 2}}",c9ad8424-2ac9-4392-b119-e775585de45e,cd795a4f-d414-4997-a632-be2c9fe3893e,,1,unisex,c8c52119-e352-4f73-990d-5dda106a3b67,Парфюмерия и косметика
f1dffee1-f746-40b6-9820-e91fb8f40beb,208D3DA0B6,"Духи концентрированные Ветивер, Мускус",Zielinski & Rozen,Духи,945.00,,True,"{""single_option"": {""stock"": 2}}",c9ad8424-2ac9-4392-b119-e775585de45e,cd795a4f-d414-4997-a632-be2c9fe3893e,,1,unisex,c8c52119-e352-4f73-990d-5dda106a3b67,Парфюмерия и косметика
fb3af616-e5e1-4b7b-8fe9-ed22f1cff1d8,7936B827F0,"Духи концентрированные Табак, Ветивер, Амбра",Zielinski & Rozen,Духи,345.00,,True,"{""single_option"": {""stock"": 2}}",c9ad8424-2ac9-4392-b119-e775585de45e,cd795a4f-d414-4997-a632-be2c9fe3893e,,1,unisex,c8c52119-e352-4f73-990d-5dda106a3b67,Парфюмерия и косметика
1bb2b6cd-63c0-4b9d-9aa9-bc4e121998fb,E08D576E51,"Духи концентрированные Ваниль, Амбра, Лаванда",Zielinski & Rozen,Духи,945.00,,True,"{""single_option"": {""stock"": 2}}",c9ad8424-2ac9-4392-b119-e775585de45e,cd795a4f-d414-4997-a632-be2c9fe3893e,,1,unisex,c8c52119-e352-4f73-990d-5dda106a3b67,Парфюмерия и косметика
6ce905ab-a77b-4bce-bcd4-f7170acaf6b1,A2924B8464,"Духи концентрированные Лаванда, Ваниль, Амбра, Мускус",Zielinski & Rozen,Духи,345.00,,True,"{""single_option"": {""stock"": 2}}",c9ad8424-2ac9-4392-b119-e775585de45e,cd795a4f-d414-4997-a632-be2c9fe3893e,,1,unisex,c8c52119-e352-4f73-990d-5dda106a3b67,Парфюмерия и косметика
da2318f8-e00e-4c48-bb4e-5fc3ca71cca3,209DFF6D75,"Духи концентрированные Розовый Перец, Элеми, Корица, Кожа",Zielinski & Rozen,Духи,345.00,,True,"{""single_option"": {""stock"": 2}}",c9ad8424-2ac9-4392-b119-e775585de45e,cd795a4f-d414-4997-a632-be2c9fe3893e,,1,unisex,c8c52119-e352-4f73-990d-5dda106a3b67,Парфюмерия и косметика
c45f56d1-7449-401f-b96e-2afa1302d93e,3747F727A7,"Духи концентрированные Имбирь, Пачули, Черный перец, Алоизия",Zielinski & Rozen,Духи,345.00,,True,"{""single_option"": {""stock"": 2}}",c9ad8424-2ac9-4392-b119-e775585de45e,cd795a4f-d414-4997-a632-be2c9fe3893e,,1,unisex,c8c52119-e352-4f73-990d-5dda106a3b67,Парфюмерия и косметика
869eb2cd-c918-4450-aa96-c1926bfcb1cf,C8B2E48327,"Духи концентрированные Табак, Кедр, Перец",Zielinski & Rozen,Духи,345.00,,True,"{""single_option"": {""stock"": 2}}",c9ad8424-2ac9-4392-b119-e775585de45e,cd795a4f-d414-4997-a632-be2c9fe3893e,,1,unisex,c8c52119-e352-4f73-990d-5dda106a3b67,Парфюмерия и косметика
645a298c-be98-41a5-9956-08cb3b9a1b39,65B00D1079,Духи концентрированные Черная Ваниль,Zielinski & Rozen,Духи,345.00,,True,"{""single_option"": {""stock"": 2}}",c9ad8424-2ac9-4392-b119-e775585de45e,cd795a4f-d414-4997-a632-be2c9fe3893e,,1,unisex,c8c52119-e352-4f73-990d-5dda106a3b67,Парфюмерия и косметика
2d1d1f96-4223-42cc-9c67-35328ffbdbc6,CC630D17B3,"Духи концентрированные Черный перец, Ветивер, Нероли, Амбра",Zielinski & Rozen,Духи,345.00,,True,"{""single_option"": {""stock"": 2}}",c9ad8424-2ac9-4392-b119-e775585de45e,cd795a4f-d414-4997-a632-be2c9fe3893e,,1,unisex,c8c52119-e352-4f73-990d-5dda106a3b67,Парфюмерия и косметика
c4d87ebd-5753-4440-b55c-153fd03895a7,91557DEBD5,Блендер MSM-26230,Bosch,"Миксеры, блендеры",990.00,,True,"{""single_option"": {""stock"": 4}}",ba6f4ead-4d13-43a4-b8aa-572b697c3662,cb7e57cd-56ce-4f93-beee-d721d1be7f89,"Блендер Bosch MSM 26230 в черном цвете сочетает в себе стиль и функциональность. В комплекте прилагается дополнительная погружная насадка из пластика для маленьких порций или соусов.

Характеристики

Тип блендера: погружной
Серия: CleverMixx
Цвет: Черный
Материал корпуса: пластик
Материал погружной части: нержавеющая сталь
Измельчитель: есть
Материал чаши измельчителя / кувшина: пластик
Нож блендера: с 4 лезвиями QuattroBlade",4,unisex,dd4db72d-b925-4a58-9cec-e8a2e0b812d5,Техника
c75c411b-cb46-4570-9062-bd367d90c8dd,B65C27B6C7,Фритюрница FH-2394,DeLonghi,Фритюрницы,3800.00,,True,"{""single_option"": {""stock"": 2}}",a553c096-626b-429a-b0c9-b64664e31036,2497abe1-03ee-4d85-8f07-8d4c9bd6576c,"Фритюрница Delonghi FH2394.BK позволяет готовить различные продукты во фритюре – картофель, мясо, закуски, выпечку. Данная модель характеризуется вместительной чашей с антипригарным керамическим покрытием и 4 режимами температуры с плавной регулировкой. Посредством электронного таймера можно устанавливать определенное время приготовления, а по завершению заданного времени прибор отключается автоматически. С помощью смотрового окна можно визуально контролировать степень готовности. Ножки на основании корпуса Delonghi FH2394.BK из нескользящего материала гарантируют устойчивое размещение прибора.

Характеристики

Основной цвет: черный
Материал корпуса: пластик
Нагревательный элемент: открытый
Съемная чаша: есть
Плавная регулировка температуры: есть
Таймер: есть",5,unisex,dd4db72d-b925-4a58-9cec-e8a2e0b812d5,Техника
94e748d6-1eeb-4358-b810-9ca6121f7064,9E0F2B6B11,Мясорубка MFN-67450,Bosch,Мясорубки,3670.00,,True,"{""single_option"": {""stock"": 2}}",ba6f4ead-4d13-43a4-b8aa-572b697c3662,f2fca86f-cffc-4924-9631-ce888a5330c2,,1,unisex,dd4db72d-b925-4a58-9cec-e8a2e0b812d5,Техника
a71f0492-c34e-4cbe-aec7-09657cfd0732,52381B0BB2,Кухонный комбайн HR-7778,Philips,Комбайны,4400.00,,True,"{""single_option"": {""stock"": 2}}",f1cc3c6e-9f5c-4152-86f3-e5352d1a311e,71c95a50-83e0-49c6-b88d-ab633a0528f3,"Рубите, нарезайте, шинкуйте, замешивайте, взбивайте и смешивайте

Кухонный комбайн Philips серии 7000 — это универсальное решение для вашей кухни. Благодаря новой инновационной металлической насадке-крюку для теста, мощному мотору 1300 Вт и запрограммированной кнопке замешивания теста одним нажатием выпекать хлеб стало просто, как никогда. поможет в приготовлении вкусных воздушных кексов и другой выпечки для всей семьи. Благодаря конической насадке достигается более нежная и воздушная консистенция, а также обеспечивается быстрое смешивание. Мощный мотор 450 Вт позволяет легко замешивать даже самое густое тесто.

Характеристики

Основной материал: Пластик
Дополнительный материал: Металл
Функции: Смешивание, измельчение, шинкование, замешивание теста, эмульсирование, соковыжималка для цитрусовых
Количество порций: 8
Нескользящие ножки: Да
Интерфейс: Поворотный регулятор, 3 кнопки с предустановками
Длина шнура: 1m
Технология: PowerChop
",1,unisex,dd4db72d-b925-4a58-9cec-e8a2e0b812d5,Техника
23217836-3acc-4a76-817a-02b2b7aedc1b,1A5AD30A04,Электрический чайник HD-9350,Philips,Электрические чайники,670.00,,True,"{""single_option"": {""stock"": 4}}",f1cc3c6e-9f5c-4152-86f3-e5352d1a311e,362609f6-ee1b-4677-9695-2372689fd2b0,"Daily Collection

Прослужит долго
Прочный чайник выполнен из безопасной пищевой нержавеющей стали и разработан специально для ежедневного использования в течение длительного времени. Компания Philips создала этот стильный и качественный чайник благодаря 60-летнему опыту в сфере предоставления надежных решений.

Характеристики

Напряжение: 220–240  V
Мощность: 1850–2200  W
Длина шнура: 0,75  m
Емкость: 1,7L
",1,unisex,dd4db72d-b925-4a58-9cec-e8a2e0b812d5,Техника
e1c20602-ccba-42c0-ad7e-f7f4fe360db6,728168E519,Блендер ручной HR-2531,Philips,"Миксеры, блендеры",575.00,,True,"{""single_option"": {""stock"": 1}}",f1cc3c6e-9f5c-4152-86f3-e5352d1a311e,cb7e57cd-56ce-4f93-beee-d721d1be7f89,"Ваше идеальное меню одним нажатием кнопки
Нежные супы-пюре, воздушные соусы, однородные коктейли и смузи - все это возможно с блендерами Philips. Подберите подходящий вам стационарный или погружной блендер, исходя из ваших индивидуальных потребностей. И создавайте разнообразные блюда, которые оценят ваши близкие!
",1,unisex,dd4db72d-b925-4a58-9cec-e8a2e0b812d5,Техника
b6d73715-d4b0-4648-8411-d3a42b00c8db,C8DC89EFA6,Выпрямитель волос BHS-378,Philips,Выпрямители для волос,610.00,,True,"{""single_option"": {""stock"": 5}}",f1cc3c6e-9f5c-4152-86f3-e5352d1a311e,b26e80d3-2b7b-4fb6-831f-a6b4abe94769,"StraightCare Essential
Выпрямитель ThermoProtect

Точные настройки и система ионизации: гладкие и блестящие волосы

Создавайте укладку легко и быстро благодаря длинным пластинам с кератиновым покрытием, а также 6 температурным режимам. Заботьтесь о своих волосах с технологией ThermoProtect, предотвращающей перегревание, и обеспечивайте блеск волос с помощью системы ионизации.

Характеристики

Длина шнура: 1,8м
Напряжение: 110-240В
Время нагрева: 30 сек.
Тип регулировки температуры: Ползунок с LED-индикатором
Длинные пластины: 28x100 мм
Температурный диапазон: 160–230 °C
Шнур на шарнире: Да
Индикатор готовности к использованию: Да
Материал пластин: Керамические пластины с кератиновым покрытием
Петелька для подвешивания: Да
Блокировка пластин: Да
",1,unisex,dd4db72d-b925-4a58-9cec-e8a2e0b812d5,Техника
42c503f8-a759-43ca-bfbd-661b95be3235,5D1F2E1634,Утюг DST-5040,Philips,Утюги,1020.00,,True,"{""single_option"": {""stock"": 3}}",f1cc3c6e-9f5c-4152-86f3-e5352d1a311e,d66dcd49-5b68-474e-8b10-575c968e4c3d,"Создан для работы, день за днем

Чтобы результаты глажения радовали вас день за днем, необходим надежный утюг. Этот высококачественный утюг с подошвой SteamGlide Plus, защищенной от царапин, и встроенной функцией очистки от накипи обеспечивает стабильную мощную подачу пара и долговечность.

Характеристики

Объем резервуара для воды: 320ml
Название подошвы: SteamGlide Plus
Возможность использования водопроводной воды: Да
Система ""капля-стоп"": Да
Устойчивое вертикальное положение: Да
Большое отверстие для залива воды: Да
Мощность: 2600W
Паровой удар: 200g
Постоянная подача пара: 45g/min
Распыление воды: Да
",1,unisex,dd4db72d-b925-4a58-9cec-e8a2e0b812d5,Техника
0051948b-2764-46ae-95c7-dd705456d3b2,0D2877E39A,Миксер HR-3745,Philips,"Миксеры, блендеры",960.00,,True,"{""single_option"": {""stock"": 1}}",f1cc3c6e-9f5c-4152-86f3-e5352d1a311e,cb7e57cd-56ce-4f93-beee-d721d1be7f89,"Мощное, эффективное смешивание для пышных пирогов

Миксер Philips поможет в приготовлении вкусных воздушных кексов и другой выпечки для всей семьи. Благодаря конической насадке достигается более нежная и воздушная консистенция, а также обеспечивается быстрое смешивание. Мощный мотор 450 Вт позволяет легко замешивать даже самое густое тесто.

Характеристики

Основной материал: Пластик ABS
Дополнительный материал: Металл
Функции: взбивание, замешивание теста
Отделение для хранения шнура: Да
Индикатор емкости: Да
Материал лезвия: Нержавеющая сталь
Мощность: 450 Вт
",0,unisex,dd4db72d-b925-4a58-9cec-e8a2e0b812d5,Техника
2471d0ac-4152-476a-bdad-ccbfe3d0dcf2,A048853020,Электрический чайник HD-9318,Philips,Электрические чайники,510.00,,True,"{""single_option"": {""stock"": 5}}",f1cc3c6e-9f5c-4152-86f3-e5352d1a311e,362609f6-ee1b-4677-9695-2372689fd2b0,"Электрочайник Philips HD9318/20 − это функциональный прибор, обладающий стильным дизайном и элементами, которые обеспечивают его комфортную эксплуатацию. Мощность прибора достигает 2200 Вт, что позволяет ему за считанные минуты доводить воду до состояния кипения. На одной из сторон корпуса предусмотрена шкала уровня воды, нанесенная на прозрачное вертикальное окошко. Дополнительно на шкале присутствует указание количества чашек, для приготовления которых будет достаточно воды, содержащейся в чайнике. Объем внутренней колбы соответствует 1.7 л.
Конструкция Philips HD9318/20 предполагает закрытый элемент нагрева, что позволило производителю сделать плоское дно, защитив элемент от контакта с водой и образования накипи. Чайник представлен в черном пластиковом корпусе с удобным носиком. Гибкий нейлоновый фильтр, помещенный в носик, защищает от попадания накипи в чашку. Фильтр легко вынимается для очистки от скопления частиц накипи. От выкипания воды устройство защищает автоматическое отключение после закипания воды.

Характеристики

Объем: 1.7 л
Мощность: 2200 Вт
Материал корпуса: пластик
Длина сетевого шнура: 0.75 м
",5,unisex,dd4db72d-b925-4a58-9cec-e8a2e0b812d5,Техника
e5dd151d-1c1f-4320-a3ed-fd7d298da218,17784A2D35,Блендер ручной HR-2657,Philips,"Миксеры, блендеры",1750.00,,True,"{""single_option"": {""stock"": 1}}",f1cc3c6e-9f5c-4152-86f3-e5352d1a311e,cb7e57cd-56ce-4f93-beee-d721d1be7f89,"Viva Collection
Погружной блендер с технологией ProMix

Больше насадок – больше полезных блюд!
Новые погружные блендеры из коллекции ProMix Viva с различными аксессуарами помогут вам разнообразить меню питательными блюдами.

Характеристики

Основной материал:Пластик
Дополнительный материал: Металл
Функции: смешивание, измельчение, взбивание, спиралайзер
Длина шнура: 1,2m
Технология: ProMix, SpeedTouch
Ненагревающиеся ручки: Да
Можно мыть в посудомоечной машине: Да
Индикатор емкости: Да
Материал кувшина: Пластик (SAN)
Материал лезвия: Нержавеющая сталь
Оборотов в минуту: 11 500
",1,unisex,dd4db72d-b925-4a58-9cec-e8a2e0b812d5,Техника
5c322a2a-a368-4d15-b9d2-8602f9bedda3,D9E18AB08D,Кофемашина EP-3246,Philips,Кофемашины,15000.00,,True,"{""single_option"": {""stock"": 1}}",f1cc3c6e-9f5c-4152-86f3-e5352d1a311e,9fba0abe-a5a0-4de6-999a-9e77e62f0a53,"Множество горячих напитков у вас под рукой!
Наслаждайтесь 5 видами напитков, согревающим эспрессо и американо или нежным латте макиато и капучино. Наша система приготовления кофе разработана так, чтобы уровень качества ваших напитков каждый день радовал вас не меньше, чем у профессионального бариста в вашей любимой кофейне.

Получите нежную молочную пенку с системой LatteGo 🥛
Благодаря запатентованной технологии взбивания LatteGo вы получите мягкую молочную пенку одним нажатием кнопки. Система готовит отличную пенку с любым видом молока, включая растительные альтернативы.

Более яркий аромат с 100% керамическими жерновами
Наши долговечные керамические жернова раскрывают весь аромат кофейных зерен. Они настраиваются в 12 различных степеней от тонкого порошка до крупных частиц.

Идеальная температура, аромат и крема в каждой чашке ☕️
Система Aroma Extract поддерживает температуру воды между 90°C и 98°C, регулируя скорость потока воды для идеального баланса между температурой и ароматом.

Комплектация
Содержимое коробки Philips LatteGo EP3246:

- Philips LatteGo Эспрессо-Машина: Основное устройство для приготовления кофе ☕️.
- Контейнер для кофейных зерен: Контейнер для хранения кофейных зерен для помола 🌟.
- Резервуар для воды: Съемный бак для заполнения водой 💧.
- ЛаттеГо молочный вспениватель: Съемное устройство для вспенивания молока для латте и капучино 🥛.
- Фильтр для воды AquaClean, тюбик со смазкой, мерная ложка, тестовая полоска для проверки жесткости воды

",8,unisex,dd4db72d-b925-4a58-9cec-e8a2e0b812d5,Техника
6f5ddee6-3a3f-40bb-9d80-4f4519a3daa7,1E0DDD8977,Отпариватель GC-486,Philips,Отпариватели,1600.00,,True,"{""single_option"": {""stock"": 2}}",f1cc3c6e-9f5c-4152-86f3-e5352d1a311e,074bb900-302a-4648-8a0b-7d4114b1d689,"На 20 % более мощный* с постоянной подачей пара 35 г/мин
Отпариватель EasyTouch на 20 % мощнее* предыдущих моделей благодаря мощной постоянной подаче пара 35 г/мин, обеспечивающей избавление от складок всего за несколько движений

3 режима подачи пара для различных тканей
Выберите нужный режим подачи пара для оптимального результата при обработке конкретного вида ткани: устанавливайте менее интенсивную подачу пара для тонких тканей, и более мощную — для плотных тканей.

Резервуар для воды 1,4 л с отверстием на 80 % больше*
Большой съемный резервуар для воды 1,4 л имеет отверстие на 80 % больше*, чем у моделей предыдущего поколения, что обеспечивает простое наполнение и очистку резервуара.

Характеристики:

Объем резервуара для воды: 1400  ml
Съемный резервуар для воды: Да
Долив воды в любой момент использования: Да
Длина сетевого шнура: 1,8  m
Вешалка для одежды: Да
Рукавица для дополнительной защиты: Да
Регулируемая стационарная вешалка: Да
",1,unisex,dd4db72d-b925-4a58-9cec-e8a2e0b812d5,Техника
6cf1d47a-29ae-49a7-a9c2-51f696a0dc63,4A4C0998B2,Триммер MG-5730,Philips,"Триммеры, эпиляторы",880.00,,True,"{""single_option"": {""stock"": 2}}",f1cc3c6e-9f5c-4152-86f3-e5352d1a311e,722165bd-7d1d-4c4b-97fc-82fdbdf0a2cd,"Высокая точность и превосходный стайлинг

Создайте неповторимый образ, используя этот универсальный триммер с 11 насадками для стрижки волос на голове, лице и теле. Лезвия DualCut гарантируют максимальную точность, а благодаря нескользящей прорезиненной ручке триммер удобно перемещать и легко держать в руке.

Характеристики:

Насадки для стайлинга: Металлический триммер, триммер для создания контура высокоточная бритва, триммер для носа и ушей, регулируемый гребень для бороды 3–7 мм, 2 гребня для щетины, 3 гребня для волос, 1 гребень для тела
Режущая система: Технология DualCut
Время работы: до 80 минут
",1,unisex,dd4db72d-b925-4a58-9cec-e8a2e0b812d5,Техника
ac263c1e-ba92-4e7a-81b6-0f5003a0d326,C392A6A168,Эпилятор BRE-225,Philips,"Триммеры, эпиляторы",470.00,,True,"{""single_option"": {""stock"": 2}}",f1cc3c6e-9f5c-4152-86f3-e5352d1a311e,722165bd-7d1d-4c4b-97fc-82fdbdf0a2cd,"Satinelle Essential
Компактный эпилятор с питанием от сети

Простая эпиляция
Эпилятор Philips Satinelle сделает кожу ваших ног идеально гладкой надолго. Он бережно удаляет с корнем волоски длиной от 0,5 мм. Прибор оснащен эргономичной ручкой и головкой, которую можно промывать водой для гигиеничного использования

Характеристики:

Система эпиляции: Эпилирующие диски для бережной эпиляции
Щеточка для чистки: Да
Напряжение: 15 В
Режимы: 2 режима скорости
",1,unisex,dd4db72d-b925-4a58-9cec-e8a2e0b812d5,Техника
48764feb-202a-454c-a9d5-4bc1fedd4e2a,C9F517C8BE,Тостер HD-2637,Philips,Тостеры,865.00,,True,"{""single_option"": {""stock"": 2}}",f1cc3c6e-9f5c-4152-86f3-e5352d1a311e,b0967f66-0504-4cd5-85de-1c2bbd08f30a,"Характеристики

Цвет товара: черный
Мощность: 1050 Вт
Количество отделений: 2
Количество тостов: 2
Тип управления: механическое
Дополнительная информация: 7 степеней обжаривания; экстра-подъем тостов
",5,unisex,dd4db72d-b925-4a58-9cec-e8a2e0b812d5,Техника
09aaccba-0111-4a8f-b0cb-9cb085106003,5D2F72B85F,Мясорубка HR-2714,Philips,Мясорубки,2080.00,,True,"{""single_option"": {""stock"": 1}}",f1cc3c6e-9f5c-4152-86f3-e5352d1a311e,f2fca86f-cffc-4924-9631-ce888a5330c2,"Мясорубка Philips HR2714/30 порадует своего обладателя системой защиты двигателя от перегрузки, которая вовремя приостановит ее работу, тем самым исключив риск внезапного выхода из строя. Эта домашняя помощница может похвастаться высокой производительностью, ведь за 1 минуту ей под силу измельчить до однородной консистенции не менее 1.7 кг мяса.
Модель Philips HR2714/30 хороша и тем, что с ее помощью вы без труда сможете натереть различные овощи, а также приготовить домашние аппетитные колбаски – для этого достаточно воспользоваться соответствующими насадками. Еще одно достоинство прибора – он позволит вам ежедневно наслаждаться витаминным свежевыжатым соком. На корпусе мясорубки предусмотрена прочная ручка для ее удобной транспортировки в необходимое место.

Характеристики

Материал корпуса: пластик
Материал лотка: пластик
Насадка для кеббе: да
Насадка-соковыжималка: шнековая
Комплектация: Загрузочный лоток, насадка-соковыжималка, насадка для кеббе, насадка для колбас х 2 шт., толкатель х 2 шт.
",1,unisex,dd4db72d-b925-4a58-9cec-e8a2e0b812d5,Техника
372a7467-8539-4e76-bee5-2aeef6264c67,763560500E,Фен для волос BHD-360,Philips,Фены для волос,670.00,,True,"{""single_option"": {""stock"": 2}}",f1cc3c6e-9f5c-4152-86f3-e5352d1a311e,ef56b400-95cc-4656-a7ca-04a50fd288a7,"Мощная сушка волос при меньшей температуре
Насадка ThermoProtect с уникальной конструкцией смешивает теплый и холодный воздух для бережной сушки волос.

Характеристики

Насадка-концентратор: 14 мм
Насадка: ThermoProtect
Насадка-диффузор для придания объема: Да
Длина шнура: 1,8м
Напряжение: 220—240В
Мощность: 2100 Вт
Режимы температуры/скорости: 6
Настройки: Режим холодного обдува
",1,unisex,dd4db72d-b925-4a58-9cec-e8a2e0b812d5,Техника
6a513cb3-7a53-488f-938a-b50683c951ab,44DC7CF33C,Блендер HR-2228,Philips,"Миксеры, блендеры",1380.00,,True,"{""single_option"": {""stock"": 2}}",f1cc3c6e-9f5c-4152-86f3-e5352d1a311e,cb7e57cd-56ce-4f93-beee-d721d1be7f89,,1,unisex,dd4db72d-b925-4a58-9cec-e8a2e0b812d5,Техника
5a5a31b4-1607-4b13-9086-bb80d3da53ad,5538FD9D35,Блендер HR-2056,Philips,"Миксеры, блендеры",540.00,,True,"{""single_option"": {""stock"": 2}}",f1cc3c6e-9f5c-4152-86f3-e5352d1a311e,cb7e57cd-56ce-4f93-beee-d721d1be7f89,"
Характеристики

Тип блендера: стационарный
Мощность: 350 Вт
Управление: механическое
Режимы: импульсный
Дополнительные функции: колка льда
Насадки: мельничка
Емкость кувшина: 1 л
Особенности конструкции: нескользящие ножки, отверстие для ингредиентов, отсек для шнура
Материал чаши: пластик
",1,unisex,dd4db72d-b925-4a58-9cec-e8a2e0b812d5,Техника
aac80c03-9f85-442d-8887-ddef2f29a8dc,D3CE5B5C44,Миксер ручной HR-3740,Philips,"Миксеры, блендеры",550.00,,True,"{""single_option"": {""stock"": 1}}",f1cc3c6e-9f5c-4152-86f3-e5352d1a311e,cb7e57cd-56ce-4f93-beee-d721d1be7f89,"Мощное, эффективное смешивание для пышных пирогов

Миксер Philips поможет в приготовлении вкусных воздушных кексов и другой выпечки для всей семьи. Благодаря конической насадке достигается более нежная и воздушная консистенция, а также обеспечивается быстрое смешивание. Мощный мотор 450 Вт позволяет легко замешивать даже самое густое тесто.

Характеристики

Основной материал: Пластик ABS 
Длина шнура: 1,2м
Материал кувшина: АБС-пластик
Материал лезвия: Нержавеющая сталь
Съемные лезвия: Да
Мощность: 450 Вт
Напряжение: 220–240 В
Частота: 50/60 Гц
Аккумулятор: Нет
",5,unisex,dd4db72d-b925-4a58-9cec-e8a2e0b812d5,Техника
519aeb36-ed84-4db9-b20c-e4983bd591e4,659A424121,Электрический чайник HD-9339,Philips,Электрические чайники,990.00,,True,"{""single_option"": {""stock"": 1}}",f1cc3c6e-9f5c-4152-86f3-e5352d1a311e,362609f6-ee1b-4677-9695-2372689fd2b0,"Стеклянный чайник - легкий, 1,7 л

Современный и долговечный
Стеклянный чайник объемом 1,7 л отличается современным дизайном и оснащен удобным синим индикатором включения в основании чайника.

Характеристики

Основной материал: Стекло
Емкость резервуара для воды: 1,7 л
Мощность: 1850–2200 Вт
Напряжение: 220—240 В
Частота: 50–60 Гц
Аккумулятор: Нет
",1,unisex,dd4db72d-b925-4a58-9cec-e8a2e0b812d5,Техника
f8ad5e7d-fe6f-4e08-b6dd-a6c972cbcef5,BF47892D50,Блендер MF815866,Tefal,"Миксеры, блендеры",2350.00,,True,"{""single_option"": {""stock"": 4}}",ca811d65-cf0e-4e79-9e92-57d0169ed3a7,cb7e57cd-56ce-4f93-beee-d721d1be7f89,,1,unisex,dd4db72d-b925-4a58-9cec-e8a2e0b812d5,Техника
accde4c7-ec88-4b26-b02b-16d39afdc949,45C4F53352,Пылесос беспроводной TY6543,Tefal,Пылесосы,2380.00,,True,"{""single_option"": {""stock"": 1}}",ca811d65-cf0e-4e79-9e92-57d0169ed3a7,899c7832-0a0b-4c02-9826-b7a32e178171,"Беспроводной пылесос Tefal создан для того, чтобы дарить вам новый, приятный опыт эффективной уборки всей квартиры от пола до потолка. Мощный мотор сочетается с удобным, эргономичным и легким корпусом в ручном режиме, исключительной автономностью и высокоэффективной насадкой с LED подсветкой для глубокой очистки любых напольных покрытий. Пылесос позволяет легко и быстро добиться идеальной чистоты во всем доме.",5,unisex,dd4db72d-b925-4a58-9cec-e8a2e0b812d5,Техника
4dd3a99e-2d48-4722-a948-b5ffc7d2eaa0,341723355A,Фритюрница FF220040,Tefal,Фритюрницы,1250.00,,True,"{""single_option"": {""stock"": 2}}",ca811d65-cf0e-4e79-9e92-57d0169ed3a7,2497abe1-03ee-4d85-8f07-8d4c9bd6576c,"Побалуйте себя и близких действительно вкусной картошкой-фри вместе с фритюрницей Minifryer от Tefal. Корпус устройства выполнен из нержавеющей стали и имеет удобные ручки для переноски, а вместительная чаша имеет антипригарное покрытие, что предотвращает пригорание еды при приготовлении. С помощью специального смотрового окна в крышке устройства вы легко сможете наблюдать за процессом приготовления любимых блюд. А благодаря ее компактным размерам фритюрницу можно удобно хранить даже в небольшой кухне или брать с собой на дачу.

Характеристики:

Максимальный объем масла: 1 л
Максимальный вес ингредиентов: 0.6 кг
Окошко для контроля приготовления: Да
Регулируемый термостат: Да
Антипригарное покрытие чаши: Да
Дополнительные аксессуары: Корзина для жарки",10,unisex,dd4db72d-b925-4a58-9cec-e8a2e0b812d5,Техника
3804c599-1e8b-4602-88ee-38a197eabc11,A2CA9D624B,Отпариватель IT3420,Tefal,Отпариватели,5400.00,,True,"{""single_option"": {""stock"": 2}}",ca811d65-cf0e-4e79-9e92-57d0169ed3a7,074bb900-302a-4648-8a0b-7d4114b1d689,"Получите идеальный результат разглаживания на всех типах тканей с мощным отпаривателем для одежды Tefal Pro Style Care. Его сверхмощный пар до 42 г/мин легко и быстро разглаживает любые складки, а запатентованная система вертикальной поддержки Press & Steam от Tefal обеспечивает дополнительный комфорт в уходе за вещами. Откройте для себя надежный отпариватель, который идеально разгладит, освежит и продезинфицирует вашу одежду.",5,unisex,dd4db72d-b925-4a58-9cec-e8a2e0b812d5,Техника
ae6c7307-015f-4a40-a434-0e53070b857e,EE5272368E,Электрический чайник KO6931,Tefal,Электрические чайники,890.00,,True,"{""single_option"": {""stock"": 2}}",ca811d65-cf0e-4e79-9e92-57d0169ed3a7,362609f6-ee1b-4677-9695-2372689fd2b0,"Наслаждайтесь любимыми горячими напитками, приготовленными при правильной температуре, с современным электрическим чайником Tefal. Чайник выполнен в элегантном минималистичном дизайне и оснащен встроенным скрытым электронным дисплеем, который показывает температуру воды внутри чайника в режиме реального времени..

Характеристики:

Материал корпуса: Пластик
Мощность: 1800 Вт
Объем: 1.5 л
Количество температурных режимов: 5
Защита от ожогов: Двойные стенки",5,unisex,dd4db72d-b925-4a58-9cec-e8a2e0b812d5,Техника
6145da4e-e6ff-43cf-b540-98a20be6330b,CA3636BCE8,Электрический чайник KO2601,Tefal,Электрические чайники,730.00,,True,"{""single_option"": {""stock"": 5}}",ca811d65-cf0e-4e79-9e92-57d0169ed3a7,362609f6-ee1b-4677-9695-2372689fd2b0,"Функциональный и стильный электрочайник Tefal KO2601 белого цвета обладает довольно высокой мощностью (2150 Вт). Вода в нем закипает за считанные минуты и может долго оставаться горячей благодаря особенностям конструкции. В чайнике предусмотрена внутренняя колба из нержавеющей стали, заключенная в корпус из пластика, что обеспечивает «эффект термоса». При этом конструкция чайника довольно эргономичная, что делает его повседневное использование очень комфортным. Есть шкала уровня воды, чтобы точно заполнять чайник при необходимости.

Характеристики:

Материал корпуса: Пластик
Мощность: 2150 Вт
Объем: 1.7 л
Защита от ожогов: Двойные стенки",4,unisex,dd4db72d-b925-4a58-9cec-e8a2e0b812d5,Техника
b22a49b4-403b-46f5-bf10-51a6752288c4,BBF94FB0FD,Утюг FV5715,Tefal,Утюги,850.00,,True,"{""single_option"": {""stock"": 1}}",ca811d65-cf0e-4e79-9e92-57d0169ed3a7,d66dcd49-5b68-474e-8b10-575c968e4c3d,"Утюг Easygliss Plus сделает каждое глажение быстрым и легким благодаря ультратонкой подошве Durilium Airglide, которая идеально скользит по любому типу ткани, и высокой мощности 2400 Вт, благодаря которой утюг разогревается за считанные секунды. Мощность постоянного пара достигает 45 г/мин, позволяя эффективно гладить ваши вещи, а паровой удар до 190 г/мин помогает удалить самые стойкие складки. Утюг выполнен в практичном дизайне с удобным расположением отверстия для наполнения резервуара для воды, оснащен системой «Капля-стоп», которая предотвращает попадание капель воды на ткани во время глажения, и имеет активные паровые отверстия по всей поверхности подошвы, которые обеспечивают максимальное распределение пара.

Характеристики:

Мощность: 2400 Вт
Паровой удар: 190 г/мин
Материал подошвы: Durilium Airglide
Подача пара: 45 г/мин
Автоотключение: Нет
Система самоочистки
Противокапельная система: Да",8,unisex,dd4db72d-b925-4a58-9cec-e8a2e0b812d5,Техника
a5b703a1-8064-43ba-87ae-d7e7fc9c1d0a,70F9A0EE57,Утюг с парогенератором GV9812,Tefal,Утюги,5440.00,,True,"{""single_option"": {""stock"": 2}}",ca811d65-cf0e-4e79-9e92-57d0169ed3a7,d66dcd49-5b68-474e-8b10-575c968e4c3d,"Парогенератор TEFAL PRO EXPRESS VISION сочетает непревзойденную силу пара и смарт-дизайн для идеального результатата каждый раз. Умная LED-подсветка упрощает процесс глажения, вы увидите все складки на одежде даже при слабом освещении в комнате. Технология ультрамощного пара сделает процесс глажения максимально эффективным.

Характеристики:

Давление пара: 8,1 бар
Резервуар для воды: 1,2 л
Мощность: 2200 Вт
Паровой удар: 700 г/мин
Материал подошвы: Durilium Airglide Autoclean Ultra-thin
Подача пара: 180 г/мин
Фиксатор утюга: Да
Умная LED-подсветка зоны глажения: Да
Коллектор от накипи: Да
",10,unisex,dd4db72d-b925-4a58-9cec-e8a2e0b812d5,Техника
4b01a131-3000-4177-9624-8a310e64feab,A68E8863A0,Рисоварка RK7401,Tefal,Рисоварки,1590.00,,True,"{""single_option"": {""stock"": 2}}",ca811d65-cf0e-4e79-9e92-57d0169ed3a7,25ab5a2d-1aa0-47c1-afbf-fa17a75f6efa,,1,unisex,dd4db72d-b925-4a58-9cec-e8a2e0b812d5,Техника
0ea07e7f-6386-4d6b-a8c2-636cf404251d,E98859A32B,Сковорода L23191,Tefal,Сковороды,1100.00,,True,"{""single_option"": {""stock"": 2}}",ca811d65-cf0e-4e79-9e92-57d0169ed3a7,67da40aa-aab7-4c43-a0d2-e90b8bab8449,,1,unisex,f76ddada-dd43-4207-bc9b-61bb29917f67,Посуда и аксессуары для дома
4d5f55e2-a2d5-448b-ad74-18991b466b5e,410DCD35EB,Кухонный комбайн FDM71,Kenwood,Комбайны,5850.00,,True,"{""single_option"": {""stock"": 1}}",bb4fe62f-3ed0-4879-9adf-3229c3d16d54,71c95a50-83e0-49c6-b88d-ab633a0528f3,"Освежите свой опыт приготовления пищи с Kenwood Multipro Express Weigh+ — 7-в-1 кухонным комбайном, который станет вашим верным помощником в кухне.

С интегрированными цифровыми весами, уникальными для Kenwood, исследуйте мир кулинарии без лишних хлопот. Переключайтесь между граммами и унциями, взвешивайте прямо в чаше или как автономный вес. Также, благодаря запатентованной технологии экспресс-сервировки, готовьте, не замарачиваясь с мытьем дополнительной посуды.

Kenwood Multipro Express Weigh+ — навигатор в мире кулинарии, где инновации встречаются с функциональностью. Освежите свой стиль готовки сегодня!

Характеристики:

Страна-изготовитель: Великобритания
Системы защиты: Защита от перегрева
Мощность, Вт: 1000
Материал корпуса: Металл, Пластик
Объем чаши: 3л
Цвет: Серебристый
",7,unisex,dd4db72d-b925-4a58-9cec-e8a2e0b812d5,Техника
28085f7d-95b2-4140-8155-de32f491deb8,8B7924F6F8,Электрический гриль HGM50,Kenwood,Электрогрили,1400.00,,True,"{""single_option"": {""stock"": 2}}",bb4fe62f-3ed0-4879-9adf-3229c3d16d54,3c1242ba-a0b3-4cbf-a514-bf8c49af1730,"Kenwood HGM50 со сменным грилем подходит для создания вкусных тостов для сэндвичей и приготовления шампуров или котлет для бургеров на гриле! Идеально подойдет для отдыха или повседневной готовки.

Характеристики:

Мощность:	1800 Вт
Покрытие:	Антипригарное
Особенности:	2 положения - контактное или открытое на 180°
Ручка: Cool-touch
Габариты	32 x 30 x 8 см, Вес 3,56 кг
Цвет:	Серебристый
Комплект поставки:	Настольный гриль, Поддон для масла, ручка, инструкция пользователя
",4,unisex,dd4db72d-b925-4a58-9cec-e8a2e0b812d5,Техника
d5788ab6-ee51-4e28-9f81-eb45fd238f03,6B647A5EBD,Мясорубка MG510,Kenwood,Мясорубки,2070.00,,True,"{""single_option"": {""stock"": 2}}",bb4fe62f-3ed0-4879-9adf-3229c3d16d54,f2fca86f-cffc-4924-9631-ce888a5330c2,"Комплектация
Корпус мясорубки, Загрузочный блок, Шнек, Нож, Лоток, Толкатель, Решетка (3 в комплекте, диаметр отверстий 3мм, 4.5мм и 8 мм), Насадка для колбас, Насадка для кеббе, Миска для фарша/крышка, Руководство пользователя.

Характеристики:

Производительность, кг/мин: 2
Мощность, Вт: 450
Макс. мощность (при блокировке мотора), Вт: 1600
Материал корпуса: Металл
Материал лотка: Металл
Цвет: Серый металлик

",9,unisex,dd4db72d-b925-4a58-9cec-e8a2e0b812d5,Техника
baebf71f-4d8e-403d-a0ac-7de2a51bb122,CC7FC89DF4,Соковыжималка JEM02800W,Kenwood,Соковыжималки,1500.00,,True,"{""single_option"": {""stock"": 2}}",bb4fe62f-3ed0-4879-9adf-3229c3d16d54,249192da-5e35-4ba1-ab99-0ed4bb75c9eb,,1,unisex,dd4db72d-b925-4a58-9cec-e8a2e0b812d5,Техника
5bf4c8e0-e7b8-48d5-a7c5-9ac28daab233,7B23BECE50,Электрический чайник WK 5110,Braun,Электрические чайники,1080.00,,True,"{""single_option"": {""stock"": 6}}",b53af3e0-d1b6-4552-b012-afd2c42c9e28,362609f6-ee1b-4677-9695-2372689fd2b0,"Braun ID — Коллекция завтраков.

Начните день по-своему.
Завтрак сделан так, как вам нравится. Новый чайник Braun ID Breakfast Collection WK 5110 для завтрака позволяет вам приготовить максимум любимых напитков каждое утро!

Характеристики:

Объем: 1,7 л
Мощность: 3000 Вт
Система быстрого закипания - 35 секунд
Кипячение воды на 1 чашку
Широкий приподнятый носик: удобно наливать воду из-под крана
Скрытый нагревательный элемент из нержавеющей стали
4‑х уровневая система безопасности - автоотключение:
- при закипании воды
- при отсутствии воды
- при подъеме чайника с базы
- дополнительная стабильность при наклоне корпуса на 15°
Эргономичный дизайн:
- удобная кнопка старта / выключения с подсветкой
- комфортная открытая ручка из прорезиненного материала
Съемный, моющийся фильтр от накипи
Основание: вращение 360°
Материал: высококачественный пластик, не содержит бисфенола
",4,unisex,dd4db72d-b925-4a58-9cec-e8a2e0b812d5,Техника
1d2c3700-ed8b-4990-b006-e4353cf976a2,D86D35C84A,Фен-щетка для волос AS 720,Braun,Фены для волос,1260.00,,True,"{""single_option"": {""stock"": 3}}",b53af3e0-d1b6-4552-b012-afd2c42c9e28,ef56b400-95cc-4656-a7ca-04a50fd288a7,"Стайлер для укладки Braun Satin Hair 7 с функцией ионизации IONTEC наполняет волосы миллионами активных ионов. Они мгновенно устраняют статическое электричество, создаваемое обычными стайлерами для укладки. Волосы становятся более ровными и гладкими, излучая заметно больше блеска.

Характеристики:

Тип укладки: сушка и укладка
Функция ионизации:	+
Функция холодный воздух:	+
Количество температурных режимов: 2
Цвет: черный
Мощность (Вт):	700

Комплектация:

Насадка расческа:	+
Большая круглая щетка 38 мм:	+
Инструкция по эксплуатации:	+
",4,unisex,dd4db72d-b925-4a58-9cec-e8a2e0b812d5,Техника
8d2ff69d-0f9e-4a68-91ac-638be14a4205,C6B03C4DCC,Фен для волос HD 130,Braun,Фены для волос,670.00,,True,"{""single_option"": {""stock"": 6}}",b53af3e0-d1b6-4552-b012-afd2c42c9e28,ef56b400-95cc-4656-a7ca-04a50fd288a7,"Фен Satin Hair Style&Go. Путешествуйте со стилем. Этот складной дорожный фен легко упаковывается и по-настоящему компактен. Он дает свободу сушить и укладывать волосы в любое время и в любом месте. Два температурных режима позволяют добиваться отличных результатов без ущерба здоровью волос, а складная ручка делает фен экстракомпактным, удобным для хранения и перевозки, при этом не влияя на мощность фена.

Характеристики:

Количество скоростей:	1
Система инфракрасного нагрева:	+
Количество температурных режимов:	2
Независимая регулировка режимов:	+

Комплектация:

Насадок в комплекте:	1
Профессиональная насадка - концентратор:	+
",4,unisex,dd4db72d-b925-4a58-9cec-e8a2e0b812d5,Техника
0d05ef91-c55a-4f40-9f08-59a2bf479651,E1D81B9127,Триммер универсальный MGK 5260,Braun,"Триммеры, эпиляторы",860.00,,True,"{""single_option"": {""stock"": 3}}",b53af3e0-d1b6-4552-b012-afd2c42c9e28,722165bd-7d1d-4c4b-97fc-82fdbdf0a2cd,"Универсальные наборы для стайлинга обеспечивают полноценный уход за волосами на лице, голове и теле. До 10 функций в 1 приборе. Сверхострые металлические лезвия с неограниченным сроком службы позволяют достичь идеального результата с первого движения. Без защипываний и выдергиваний волос.
Подстригайте волосы, установив нужную длину - 0,5-21мм благодаря 2 регулируемым гребням. 13 точных настроек длины. Мотор Autosensing обеспечивает постоянную скорость даже при обработке густых волос.

Характеристики:

Тип устройства:	триммер для волос, бороды, усов
Водонепроницаемость:	+
Гарантия (лет):	2
Тип питания: Li-ion аккумулятор
Цвет:	черный/серый
Светодиодный индикатор уровня зарядки:	+

Комплектация:

Насадок в комплекте:	6
Насадка-гребень для коротких волос 3-11 мм:	+
Насадка-гребень 1 мм:	+
Насадка-гребень для длинных волос 13-21 мм:	+
Насадка-гребень 2 мм:	+
Насадка для точного стайлинга:	+
Насадка для носа и ушей:	+
Зарядное устройство SmartPlug:	+
Щеточка для чистки:	+
",4,unisex,dd4db72d-b925-4a58-9cec-e8a2e0b812d5,Техника
dd2ab594-0451-465a-aedb-0fa023eed872,55FE3E3E6B,Блендер MQ 5285,Braun,"Миксеры, блендеры",1990.00,,True,"{""single_option"": {""stock"": 6}}",b53af3e0-d1b6-4552-b012-afd2c42c9e28,cb7e57cd-56ce-4f93-beee-d721d1be7f89,,1,unisex,dd4db72d-b925-4a58-9cec-e8a2e0b812d5,Техника
dd6a230b-3028-462c-ad34-db8a588b223f,F51897D8F4,Миксер HM 1070,Braun,"Миксеры, блендеры",950.00,,True,"{""single_option"": {""stock"": 3}}",b53af3e0-d1b6-4552-b012-afd2c42c9e28,cb7e57cd-56ce-4f93-beee-d721d1be7f89,"Миксер Braun HM1070WH представляет собой домашнего ассистента, которому вы с легкостью доверите приготовление различных соусов, начинок, легких десертов и пышного теста. Представленная модель комплектуется 3-литровой чашей, выполненной на основе безопасного для здоровья пластика. Подовому материалу не свойственно выделение тех или иных соединений, а также воздействие на вкусовые свойства продуктов.
Миксер Braun HM1070WH предлагает поварам возможность выбора среди 4 различных режимов. Чтобы взбить те или иные ингредиенты для омлета, запеканок, домашних сырников, не придется расходовать уйму времени – потребуется лишь установить насадку-венчик. Непрерывное вращение основной емкости способствует более тщательному и деликатному перемешиванию продуктов. Для значительного повышения мощности кухонного помощника достаточно активировать турборежим.

Максимальная мощность: 400 Вт
Объем чаши: 3л
Материал чаши: пластик
Материал корпуса: металл, пластик
Кнопка отсоединения насадок: есть
Напряжение питания: 220-240В/50-60Гц
",5,unisex,dd4db72d-b925-4a58-9cec-e8a2e0b812d5,Техника
099faf7c-37a5-49b3-b279-430e10e4dab5,B1759771E0,Соковыжималка CJ 301,Braun,Соковыжималки,660.00,,True,"{""single_option"": {""stock"": 2}}",b53af3e0-d1b6-4552-b012-afd2c42c9e28,249192da-5e35-4ba1-ab99-0ed4bb75c9eb,"Выбирайте здоровый образ жизни и начинайте свое утро с получения полезных веществ с помощью свежевыжатых соков и напитков, приготовленных с помощью вашей новой соковыжималки медленного отжима. Благодаря системе медленного отжима вы получите максимум пользы от выбранных вами фруктов и овощей. Она позволяет безопасно и просто готовить вкусный и полезный свежевыжатый сок с высокой степенью извлечения - до 80%, оснащена трубкой для подачи фруктов и овощей и мощным двигателем нового поколения. Сохраняет все питательные вещества, витамины и ферменты в их естественном виде, благодаря чему получается питательная и освежающая смесь.

* Пресс-конус, который поочередно поворачивается влево и вправо для особенно тщательного извлечения сока
* Контейнер для мякоти большой емкости позволяет выжать достаточное количество сока за один прием
* Носик для предотвращения попадания сока на стол
* Прочная металлическая насадка надежно удерживает фрукты на месте и позволяет более эффективно выжимать сок
* Плотно фиксирует детали соковыжималки, чтобы она не двигалась во время приготовления сока


Установка — настольная
Цвет — белый
Длина изделия — 15,1 см
Высота изделия — 26,8 см
Ширина изделия — 20,6 см
Объем — 1 л
Мощность — 20 Вт
Номер модели — CJ301",4,unisex,dd4db72d-b925-4a58-9cec-e8a2e0b812d5,Техника
