id;sku;name;brand_name;category_name;price;sale_price;in_stock;inventory;brand_id;category_id;description;created_at;updated_at;photos_count
099faf7c-37a5-49b3-b279-430e10e4dab5;B1759771E0;Соковыжималка CJ 301;Braun;Соковыжималки;660;;TRUE;"{""single_option"": {""stock"": 2}}";b53af3e0-d1b6-4552-b012-afd2c42c9e28;249192da-5e35-4ba1-ab99-0ed4bb75c9eb;;2025-05-18T16:31:13.229003Z;2025-05-18T16:31:13.229003Z;1
dd2ab594-0451-465a-aedb-0fa023eed872;55FE3E3E6B;Блендер MQ 5285;Braun;Блендеры, миксеры;1990;;TRUE;"{""single_option"": {""stock"": 6}}";b53af3e0-d1b6-4552-b012-afd2c42c9e28;cb7e57cd-56ce-4f93-beee-d721d1be7f89;;2025-05-18T17:15:00.082998Z;2025-05-18T17:15:00.082998Z;1
dd6a230b-3028-462c-ad34-db8a588b223f;F51897D8F4;Миксер HM 1070;Braun;Блендеры, миксеры;950;;TRUE;"{""single_option"": {""stock"": 3}}";b53af3e0-d1b6-4552-b012-afd2c42c9e28;cb7e57cd-56ce-4f93-beee-d721d1be7f89;;2025-05-18T17:15:00.082998Z;2025-05-18T17:15:00.082998Z;1
0d05ef91-c55a-4f40-9f08-59a2bf479651;E1D81B9127;Триммер универсальный MGK 5260;Braun;Триммеры, эпиляторы;860;;TRUE;"{""single_option"": {""stock"": 3}}";b53af3e0-d1b6-4552-b012-afd2c42c9e28;722165bd-7d1d-4c4b-97fc-82fdbdf0a2cd;;2025-05-18T17:28:25.995157Z;2025-05-18T17:28:25.995157Z;1
1d2c3700-ed8b-4990-b006-e4353cf976a2;D86D35C84A;Фен-щетка для волос AS 720;Braun;Фены для волос;1260;;TRUE;"{""single_option"": {""stock"": 3}}";b53af3e0-d1b6-4552-b012-afd2c42c9e28;ef56b400-95cc-4656-a7ca-04a50fd288a7;;2025-05-18T17:28:25.995157Z;2025-05-18T17:28:25.995157Z;1
8d2ff69d-0f9e-4a68-91ac-638be14a4205;C6B03C4DCC;Фен для волос HD 130;Braun;Фены для волос;670;;TRUE;"{""single_option"": {""stock"": 6}}";b53af3e0-d1b6-4552-b012-afd2c42c9e28;ef56b400-95cc-4656-a7ca-04a50fd288a7;;2025-05-18T17:28:25.995157Z;2025-05-18T17:28:25.995157Z;1
5bf4c8e0-e7b8-48d5-a7c5-9ac28daab233;7B23BECE50;Электрический чайник WK 5110;Braun;Электрические чайники;1080;;TRUE;"{""single_option"": {""stock"": 6}}";b53af3e0-d1b6-4552-b012-afd2c42c9e28;362609f6-ee1b-4677-9695-2372689fd2b0;;2025-05-18T17:28:25.995157Z;2025-05-18T17:28:25.995157Z;1
4d5f55e2-a2d5-448b-ad74-18991b466b5e;410DCD35EB;Кухонный комбайн FDM71;Kenwood;Комбайны;5850;;TRUE;"{""single_option"": {""stock"": 1}}";bb4fe62f-3ed0-4879-9adf-3229c3d16d54;71c95a50-83e0-49c6-b88d-ab633a0528f3;;2025-05-18T17:42:38.07203Z;2025-05-18T17:42:38.07203Z;1
28085f7d-95b2-4140-8155-de32f491deb8;8B7924F6F8;Электрический гриль HGM50;Kenwood;Электрогрили;1400;;TRUE;"{""single_option"": {""stock"": 2}}";bb4fe62f-3ed0-4879-9adf-3229c3d16d54;3c1242ba-a0b3-4cbf-a514-bf8c49af1730;;2025-05-18T17:42:38.07203Z;2025-05-18T17:42:38.07203Z;2
baebf71f-4d8e-403d-a0ac-7de2a51bb122;CC7FC89DF4;Соковыжималка JEM02800W;Kenwood;Соковыжималки;1500;;TRUE;"{""single_option"": {""stock"": 2}}";bb4fe62f-3ed0-4879-9adf-3229c3d16d54;249192da-5e35-4ba1-ab99-0ed4bb75c9eb;;2025-05-18T17:42:38.07203Z;2025-05-18T17:42:38.07203Z;1
d5788ab6-ee51-4e28-9f81-eb45fd238f03;6B647A5EBD;Мясорубка MG510;Kenwood;Мясорубки;2070;;TRUE;"{""single_option"": {""stock"": 2}}";bb4fe62f-3ed0-4879-9adf-3229c3d16d54;f2fca86f-cffc-4924-9631-ce888a5330c2;;2025-05-18T17:42:38.07203Z;2025-05-18T17:42:38.07203Z;1
accde4c7-ec88-4b26-b02b-16d39afdc949;45C4F53352;Пылесос беспроводной TY6543;Tefal;Пылесосы;2380;;TRUE;"{""single_option"": {""stock"": 1}}";ca811d65-cf0e-4e79-9e92-57d0169ed3a7;899c7832-0a0b-4c02-9826-b7a32e178171;;2025-05-18T17:56:17.262932Z;2025-05-18T17:56:17.262932Z;1
f8ad5e7d-fe6f-4e08-b6dd-a6c972cbcef5;BF47892D50;Блендер MF815866;Tefal;Миксеры, блендеры;2350;;TRUE;"{""single_option"": {""stock"": 4}}";ca811d65-cf0e-4e79-9e92-57d0169ed3a7;cb7e57cd-56ce-4f93-beee-d721d1be7f89;;2025-05-18T17:56:17.262932Z;2025-05-18T17:56:17.262932Z;1
0ea07e7f-6386-4d6b-a8c2-636cf404251d;E98859A32B;Сковорода L23191;Tefal;Сковороды;1100;;TRUE;"{""single_option"": {""stock"": 2}}";ca811d65-cf0e-4e79-9e92-57d0169ed3a7;67da40aa-aab7-4c43-a0d2-e90b8bab8449;;2025-05-18T17:56:17.262932Z;2025-05-18T17:56:17.262932Z;1
4dd3a99e-2d48-4722-a948-b5ffc7d2eaa0;341723355A;Фритюрница FF220040;Tefal;Фритюрницы;1250;;TRUE;"{""single_option"": {""stock"": 2}}";ca811d65-cf0e-4e79-9e92-57d0169ed3a7;2497abe1-03ee-4d85-8f07-8d4c9bd6576c;;2025-05-18T17:56:17.262932Z;2025-05-18T17:56:17.262932Z;1
4b01a131-3000-4177-9624-8a310e64feab;A68E8863A0;Рисоварка RK7401;Tefal;Рисоварки;1590;;TRUE;"{""single_option"": {""stock"": 2}}";ca811d65-cf0e-4e79-9e92-57d0169ed3a7;25ab5a2d-1aa0-47c1-afbf-fa17a75f6efa;;2025-05-18T17:56:17.262932Z;2025-05-18T17:56:17.262932Z;1
ae6c7307-015f-4a40-a434-0e53070b857e;EE5272368E;Электрический чайник KO6931;Tefal;Электрические чайники;890;;TRUE;"{""single_option"": {""stock"": 2}}";ca811d65-cf0e-4e79-9e92-57d0169ed3a7;362609f6-ee1b-4677-9695-2372689fd2b0;;2025-05-18T17:56:17.262932Z;2025-05-18T17:56:17.262932Z;1
6145da4e-e6ff-43cf-b540-98a20be6330b;CA3636BCE8;Электрический чайник KO2601;Tefal;Электрические чайники;730;;TRUE;"{""single_option"": {""stock"": 5}}";ca811d65-cf0e-4e79-9e92-57d0169ed3a7;362609f6-ee1b-4677-9695-2372689fd2b0;;2025-05-18T17:56:17.262932Z;2025-05-18T17:56:17.262932Z;1
a5b703a1-8064-43ba-87ae-d7e7fc9c1d0a;70F9A0EE57;Утюг с парогенератором GV9812;Tefal;Утюги;5440;;TRUE;"{""single_option"": {""stock"": 2}}";ca811d65-cf0e-4e79-9e92-57d0169ed3a7;d66dcd49-5b68-474e-8b10-575c968e4c3d;;2025-05-18T17:56:17.262932Z;2025-05-18T17:56:17.262932Z;1
3804c599-1e8b-4602-88ee-38a197eabc11;A2CA9D624B;Отпариватель IT3420;Tefal;Отпариватели;5400;;TRUE;"{""single_option"": {""stock"": 2}}";ca811d65-cf0e-4e79-9e92-57d0169ed3a7;074bb900-302a-4648-8a0b-7d4114b1d689;;2025-05-18T17:56:17.262932Z;2025-05-18T17:56:17.262932Z;1
b22a49b4-403b-46f5-bf10-51a6752288c4;BBF94FB0FD;Утюг FV5715;Tefal;Утюги;850;;TRUE;"{""single_option"": {""stock"": 1}}";ca811d65-cf0e-4e79-9e92-57d0169ed3a7;d66dcd49-5b68-474e-8b10-575c968e4c3d;;2025-05-18T17:56:17.262932Z;2025-05-18T17:56:17.262932Z;1
5c322a2a-a368-4d15-b9d2-8602f9bedda3;D9E18AB08D;Кофемашина EP-3246;Philips;Кофемашины;15000;;TRUE;"{""single_option"": {""stock"": 1}}";f1cc3c6e-9f5c-4152-86f3-e5352d1a311e;9fba0abe-a5a0-4de6-999a-9e77e62f0a53;;2025-05-18T18:17:22.193432Z;2025-05-18T18:17:22.193432Z;1
b6d73715-d4b0-4648-8411-d3a42b00c8db;C8DC89EFA6;Выпрямитель волос BHS-378;Philips;Выпрямители для волос;610;;TRUE;"{""single_option"": {""stock"": 5}}";f1cc3c6e-9f5c-4152-86f3-e5352d1a311e;b26e80d3-2b7b-4fb6-831f-a6b4abe94769;;2025-05-18T18:17:22.193432Z;2025-05-18T18:17:22.193432Z;1
ac263c1e-ba92-4e7a-81b6-0f5003a0d326;C392A6A168;Эпилятор BRE-225;Philips;Триммеры, эпиляторы;470;;TRUE;"{""single_option"": {""stock"": 2}}";f1cc3c6e-9f5c-4152-86f3-e5352d1a311e;722165bd-7d1d-4c4b-97fc-82fdbdf0a2cd;;2025-05-18T18:17:22.193432Z;2025-05-18T18:17:22.193432Z;1
372a7467-8539-4e76-bee5-2aeef6264c67;763560500E;Фен для волос BHD-360;Philips;Фены для волос;670;;TRUE;"{""single_option"": {""stock"": 2}}";f1cc3c6e-9f5c-4152-86f3-e5352d1a311e;ef56b400-95cc-4656-a7ca-04a50fd288a7;;2025-05-18T18:17:22.193432Z;2025-05-18T18:17:22.193432Z;1
6cf1d47a-29ae-49a7-a9c2-51f696a0dc63;4A4C0998B2;Триммер MG-5730;Philips;Триммеры, эпиляторы;880;;TRUE;"{""single_option"": {""stock"": 2}}";f1cc3c6e-9f5c-4152-86f3-e5352d1a311e;722165bd-7d1d-4c4b-97fc-82fdbdf0a2cd;;2025-05-18T18:17:22.193432Z;2025-05-18T18:17:22.193432Z;1
aac80c03-9f85-442d-8887-ddef2f29a8dc;D3CE5B5C44;Миксер ручной HR-3740;Philips;Миксеры, блендеры;550;;TRUE;"{""single_option"": {""stock"": 1}}";f1cc3c6e-9f5c-4152-86f3-e5352d1a311e;cb7e57cd-56ce-4f93-beee-d721d1be7f89;;2025-05-18T18:17:22.193432Z;2025-05-18T18:17:22.193432Z;1
0051948b-2764-46ae-95c7-dd705456d3b2;0D2877E39A;Миксер HR-3745;Philips;Миксеры, блендеры;960;;TRUE;"{""single_option"": {""stock"": 1}}";f1cc3c6e-9f5c-4152-86f3-e5352d1a311e;cb7e57cd-56ce-4f93-beee-d721d1be7f89;;2025-05-18T18:17:22.193432Z;2025-05-18T18:17:22.193432Z;0
6f5ddee6-3a3f-40bb-9d80-4f4519a3daa7;1E0DDD8977;Отпариватель GC-486;Philips;Отпариватели;1600;;TRUE;"{""single_option"": {""stock"": 2}}";f1cc3c6e-9f5c-4152-86f3-e5352d1a311e;074bb900-302a-4648-8a0b-7d4114b1d689;;2025-05-18T18:17:22.193432Z;2025-05-18T18:17:22.193432Z;1
a71f0492-c34e-4cbe-aec7-09657cfd0732;52381B0BB2;Кухонный комбайн HR-7778;Philips;Комбайны;4400;;TRUE;"{""single_option"": {""stock"": 2}}";f1cc3c6e-9f5c-4152-86f3-e5352d1a311e;71c95a50-83e0-49c6-b88d-ab633a0528f3;;2025-05-18T18:17:22.193432Z;2025-05-18T18:17:22.193432Z;1
09aaccba-0111-4a8f-b0cb-9cb085106003;5D2F72B85F;Мясорубка HR-2714;Philips;Мясорубки;2080;;TRUE;"{""single_option"": {""stock"": 1}}";f1cc3c6e-9f5c-4152-86f3-e5352d1a311e;f2fca86f-cffc-4924-9631-ce888a5330c2;;2025-05-18T18:17:22.193432Z;2025-05-18T18:17:22.193432Z;1
48764feb-202a-454c-a9d5-4bc1fedd4e2a;C9F517C8BE;Тостер HD-2637;Philips;Тостеры;865;;TRUE;"{""single_option"": {""stock"": 2}}";f1cc3c6e-9f5c-4152-86f3-e5352d1a311e;b0967f66-0504-4cd5-85de-1c2bbd08f30a;;2025-05-18T18:17:22.193432Z;2025-05-18T18:17:22.193432Z;1
519aeb36-ed84-4db9-b20c-e4983bd591e4;659A424121;Электрический чайник HD-9339;Philips;Электрические чайники;990;;TRUE;"{""single_option"": {""stock"": 1}}";f1cc3c6e-9f5c-4152-86f3-e5352d1a311e;362609f6-ee1b-4677-9695-2372689fd2b0;;2025-05-18T18:17:22.193432Z;2025-05-18T18:17:22.193432Z;1
2471d0ac-4152-476a-bdad-ccbfe3d0dcf2;A048853020;Электрический чайник HD-9318;Philips;Электрические чайники;510;;TRUE;"{""single_option"": {""stock"": 5}}";f1cc3c6e-9f5c-4152-86f3-e5352d1a311e;362609f6-ee1b-4677-9695-2372689fd2b0;;2025-05-18T18:17:22.193432Z;2025-05-18T18:17:22.193432Z;1
23217836-3acc-4a76-817a-02b2b7aedc1b;1A5AD30A04;Электрический чайник HD-9350;Philips;Электрические чайники;670;;TRUE;"{""single_option"": {""stock"": 4}}";f1cc3c6e-9f5c-4152-86f3-e5352d1a311e;362609f6-ee1b-4677-9695-2372689fd2b0;;2025-05-18T18:17:22.193432Z;2025-05-18T18:17:22.193432Z;1
e1c20602-ccba-42c0-ad7e-f7f4fe360db6;728168E519;Блендер ручной HR-2531;Philips;Миксеры, блендеры;575;;TRUE;"{""single_option"": {""stock"": 1}}";f1cc3c6e-9f5c-4152-86f3-e5352d1a311e;cb7e57cd-56ce-4f93-beee-d721d1be7f89;;2025-05-18T18:17:22.193432Z;2025-05-18T18:17:22.193432Z;1
e5dd151d-1c1f-4320-a3ed-fd7d298da218;17784A2D35;Блендер ручной HR-2657;Philips;Миксеры, блендеры;1750;;TRUE;"{""single_option"": {""stock"": 1}}";f1cc3c6e-9f5c-4152-86f3-e5352d1a311e;cb7e57cd-56ce-4f93-beee-d721d1be7f89;;2025-05-18T18:17:22.193432Z;2025-05-18T18:17:22.193432Z;1
6a513cb3-7a53-488f-938a-b50683c951ab;44DC7CF33C;Блендер HR-2228;Philips;Миксеры, блендеры;1380;;TRUE;"{""single_option"": {""stock"": 2}}";f1cc3c6e-9f5c-4152-86f3-e5352d1a311e;cb7e57cd-56ce-4f93-beee-d721d1be7f89;;2025-05-18T18:17:22.193432Z;2025-05-18T18:17:22.193432Z;1
5a5a31b4-1607-4b13-9086-bb80d3da53ad;5538FD9D35;Блендер HR-2056;Philips;Миксеры, блендеры;540;;TRUE;"{""single_option"": {""stock"": 2}}";f1cc3c6e-9f5c-4152-86f3-e5352d1a311e;cb7e57cd-56ce-4f93-beee-d721d1be7f89;;2025-05-18T18:17:22.193432Z;2025-05-18T18:17:22.193432Z;1
42c503f8-a759-43ca-bfbd-661b95be3235;5D1F2E1634;Утюг DST-5040;Philips;Утюги;1020;;TRUE;"{""single_option"": {""stock"": 3}}";f1cc3c6e-9f5c-4152-86f3-e5352d1a311e;d66dcd49-5b68-474e-8b10-575c968e4c3d;;2025-05-18T18:17:22.193432Z;2025-05-18T18:17:22.193432Z;1
c75c411b-cb46-4570-9062-bd367d90c8dd;B65C27B6C7;Фритюрница FH-2394;DeLonghi;Фритюрницы;3800;;TRUE;"{""single_option"": {""stock"": 2}}";a553c096-626b-429a-b0c9-b64664e31036;2497abe1-03ee-4d85-8f07-8d4c9bd6576c;;2025-05-18T18:26:42.494758Z;2025-05-18T18:26:42.494758Z;1
94e748d6-1eeb-4358-b810-9ca6121f7064;9E0F2B6B11;Мясорубка MFN-67450;Bosch;Мясорубки;3670;;TRUE;"{""single_option"": {""stock"": 2}}";ba6f4ead-4d13-43a4-b8aa-572b697c3662;f2fca86f-cffc-4924-9631-ce888a5330c2;;2025-05-18T18:26:42.494758Z;2025-05-18T18:26:42.494758Z;1
c4d87ebd-5753-4440-b55c-153fd03895a7;91557DEBD5;Блендер MSM-26230;Bosch;Миксеры, блендеры;990;;TRUE;"{""single_option"": {""stock"": 4}}";ba6f4ead-4d13-43a4-b8aa-572b697c3662;cb7e57cd-56ce-4f93-beee-d721d1be7f89;;2025-05-18T18:26:42.494758Z;2025-05-18T18:26:42.494758Z;1